-- phpMyAdmin SQL Dump
-- version 4.0.8
-- http://www.phpmyadmin.net
--
-- Host: localhost
-- Generation Time: Apr 28, 2014 at 10:16 AM
-- Server version: 5.5.36
-- PHP Version: 5.4.27

SET SQL_MODE = "NO_AUTO_VALUE_ON_ZERO";
SET time_zone = "+00:00";


/*!40101 SET @OLD_CHARACTER_SET_CLIENT=@@CHARACTER_SET_CLIENT */;
/*!40101 SET @OLD_CHARACTER_SET_RESULTS=@@CHARACTER_SET_RESULTS */;
/*!40101 SET @OLD_COLLATION_CONNECTION=@@COLLATION_CONNECTION */;
/*!40101 SET NAMES utf8 */;

--
-- Database: `se2_1314_2`
--

-- --------------------------------------------------------

--
-- Table structure for table `BUILDING`
--

CREATE TABLE IF NOT EXISTS `BUILDING` (
  `BuildingID` bigint(20) NOT NULL AUTO_INCREMENT,
  `BuildingName` varchar(255) DEFAULT NULL,
  `InstitutionID` int(11) DEFAULT NULL,
  PRIMARY KEY (`BuildingID`),
  KEY `FK_2c5tn0p793x1e84gufxbaro2c` (`InstitutionID`)
) ENGINE=InnoDB  DEFAULT CHARSET=latin1 AUTO_INCREMENT=9 ;

--
-- Dumping data for table `BUILDING`
--

INSERT INTO `BUILDING` (`BuildingID`, `BuildingName`, `InstitutionID`) VALUES
(1, 'B', 1),
(2, 'D', 1),
(3, 'E', 1),
(4, 'F', 1),
(5, 'G', 1),
(6, 'K', 1),
(7, 'L', 1),
(8, 'Q', 1);

-- --------------------------------------------------------

--
-- Table structure for table `COURSE`
--

CREATE TABLE IF NOT EXISTS `COURSE` (
  `CourseID` int(11) NOT NULL AUTO_INCREMENT,
  `CourseName` varchar(255) DEFAULT NULL,
  `Frozen` bit(1) DEFAULT NULL,
  `CourseDataID` int(11) DEFAULT NULL,
  PRIMARY KEY (`CourseID`),
  KEY `FK_ifkwuenhhp6xbraxahg6402li` (`CourseDataID`)
) ENGINE=InnoDB  DEFAULT CHARSET=latin1 AUTO_INCREMENT=2019 ;

--
-- Dumping data for table `COURSE`
--

INSERT INTO `COURSE` (`CourseID`, `CourseName`, `Frozen`, `CourseDataID`) VALUES
(3, 'Chemie', b'0', 3),
(5, 'Chemie', b'0', 5),
(16, 'Grondslagen vd informatica I', b'0', 16),
(17, 'Grondslagen vd informatica I', b'0', 17),
(31, 'Database theorie', b'0', 31),
(33, 'Algoritmen & datastructuren II', b'0', 33),
(45, 'Stable Isotope Geology', b'0', 45),
(55, 'Genetica', b'0', 55),
(57, 'Virologie', b'0', 57),
(71, 'Experiment stral- & kwantfys', b'0', 71),
(76, 'Fysica vd gecondens materie', b'0', 76),
(97, 'Gedistribueerde systemen', b'0', 97),
(98, 'Gedistribueerde systemen', b'0', 98),
(134, 'Alg & moleculaire genetica', b'0', 134),
(140, 'Analytische (bio)chemie', b'0', 140),
(195, 'Collo?dchemie', b'0', 195),
(220, 'Marine Biology', b'0', 220),
(278, 'Kwantumfysica', b'0', 278),
(291, 'Downstream Processing', b'0', 291),
(292, 'Industri?le stage', b'0', 292),
(298, 'Industri?le microbiologie', b'0', 298),
(301, 'Toegepaste fysicochemie', b'0', 301),
(316, 'Vakdid wiskunde', b'0', 316),
(323, 'Differentiaalmeetkunde I', b'0', 323),
(324, 'Analytische mechanica', b'0', 324),
(350, 'Thermodynamica', b'0', 350),
(371, 'Vakdid informatica', b'0', 371),
(372, 'Vakdid informatica', b'0', 372),
(402, 'Geschiedenis van de wiskunde', b'0', 402),
(420, 'Biogeochemie', b'0', 420),
(421, 'Biogeochemistry', b'0', 421),
(438, 'Stochastische processen', b'0', 438),
(441, 'Technol vd geferm levensm', b'0', 441),
(444, 'Molecular Biology', b'0', 444),
(448, 'Immunology', b'0', 448),
(450, 'Physiology: Animal Physiology', b'0', 450),
(451, 'Practicals II', b'0', 451),
(453, 'Visits', b'0', 453),
(454, 'Adv & Appl Molecular Biology', b'0', 454),
(455, 'Adv Microb Gen & Virology', b'0', 455),
(456, 'Phys Chem & Str Anal Macromol', b'0', 456),
(457, 'Dissertation', b'0', 457),
(458, 'Mathematics and Statistics', b'0', 458),
(459, 'Virology and Parasitology', b'0', 459),
(471, 'Anorganische chemie', b'0', 471),
(475, 'Prote?nekristallografie', b'0', 475),
(476, 'Inleiding tot de glycobiologie', b'0', 476),
(499, 'Scientific Reporting & Didact', b'0', 499),
(535, 'Algebra?sche topologie', b'0', 535),
(542, 'Financi?le wiskunde I', b'0', 542),
(544, 'Financi?le wiskunde I', b'0', 544),
(559, 'Inleiding databases', b'0', 559),
(561, 'Inleiding databases', b'0', 561),
(562, 'Inleiding databases', b'0', 562),
(568, 'Advanced Databases', b'0', 568),
(569, 'Advanced Databases', b'0', 569),
(583, 'Risicotheorie  schadeverzek I', b'0', 583),
(586, 'Grond stud groepsverz II', b'0', 586),
(590, 'Risicotheorie  schadeverzek II', b'0', 590),
(593, 'Human Infectious Diseases', b'0', 593),
(594, 'Epidemiol: study des & analys', b'0', 594),
(595, 'Human Genetics and Diseases', b'0', 595),
(597, 'Inleiding groepentheorie', b'0', 597),
(599, 'User Interface Design', b'0', 599),
(600, 'User Interface Design', b'0', 600),
(605, 'Groei en ontwikkeling vd mens', b'0', 605),
(607, 'Microbiol v extreme milieus', b'0', 607),
(608, 'Zuiveltechnologie', b'0', 608),
(610, 'Brouwerij', b'0', 610),
(644, 'Princ obj orient progr lang', b'0', 644),
(645, 'Princ obj orient progr lang', b'0', 645),
(647, 'Meth wetensch onderzoek', b'0', 647),
(648, 'Meth wetensch onderzoek', b'0', 648),
(666, 'Analysis of Biological Data', b'0', 666),
(689, 'Milieurecht', b'0', 689),
(692, 'Phytopathology', b'0', 692),
(693, 'Biocontr Plant Dis & Bio-fert', b'0', 693),
(694, 'Plant Biodiversity', b'0', 694),
(695, 'Prophyl Infect Dis Farm Animal', b'0', 695),
(696, 'Appl Biotechnol Livestock Prod', b'0', 696),
(699, 'Livestock Genetics', b'0', 699),
(706, 'Ontwikkelingsbiologie', b'0', 706),
(708, 'Voedingsleer', b'0', 708),
(711, 'Toegepaste immunologie', b'0', 711),
(712, 'Toegepaste immunologie', b'0', 712),
(719, 'Chemie der natuurprodukten', b'0', 719),
(726, 'Ind biotechn incl Int Eig.re?', b'0', 726),
(727, 'Moleculaire Farmacologie', b'0', 727),
(728, 'Moleculaire Farmacologie', b'0', 728),
(732, 'High Throughput Technieken', b'0', 732),
(733, 'High Throughput Technieken', b'0', 733),
(734, 'High Throughput Techniques', b'0', 734),
(755, 'Programmeerproject', b'0', 755),
(768, 'Urban Geography', b'0', 768),
(770, 'Ge?ntegr pra ind biotechnol', b'0', 770),
(771, 'Cellular Immunology', b'0', 771),
(776, 'Heterogeneous Catalysis', b'0', 776),
(778, 'Microbiology', b'0', 778),
(780, 'Microb gen & gen higher eukar', b'0', 780),
(781, 'Social & econom asp biotechnol', b'0', 781),
(805, 'Biotechnologie', b'0', 805),
(809, 'Milieutechnologie', b'0', 809),
(821, 'Mechanica', b'0', 821),
(832, 'Inleiding Statistiek', b'0', 832),
(835, 'Kansrekening en statistiek', b'0', 835),
(841, 'Gentechnologie', b'0', 841),
(843, 'Ge?ntpra microbiol & gentechn', b'0', 843),
(845, 'Biofysische scheikunde', b'0', 845),
(850, 'Industri?le voedingsbiotechnol', b'0', 850),
(851, 'Med biotechnol & parasitologie', b'0', 851),
(865, 'Ring- en moduultheorie', b'0', 865),
(870, 'Meerdimensionale Statistiek', b'0', 870),
(871, 'Meerdimensionale statistiek', b'0', 871),
(873, 'Maattheorie en Kanstheorie', b'0', 873),
(878, 'Statistische Methoden I', b'0', 878),
(892, 'Organ chemie:synthesemethoden', b'0', 892),
(898, 'Medicinale chemie', b'0', 898),
(909, 'Populaties en Ecosystemen', b'0', 909),
(910, 'Ontw.biologie en Neurobiologie', b'0', 910),
(915, 'Moleculaire ecologie', b'0', 915),
(916, 'Microbiologie', b'0', 916),
(919, 'Bachelorproef', b'0', 919),
(922, 'Aquatische & terrestische ecol', b'0', 922),
(930, 'Bioinformatica', b'0', 930),
(932, 'Elektrodynamica & spec relat', b'0', 932),
(935, 'Biodiv & ecol pl  fungi & prot', b'0', 935),
(937, 'Biodiv & ecol vertebraten', b'0', 937),
(939, 'Biologie, maatsch & ethiek', b'0', 939),
(941, 'Biodiv & Ecol v invertebraten', b'0', 941),
(953, 'Inleiding astrofysica', b'0', 953),
(961, 'Astrofysica: Compacte objecten', b'0', 961),
(963, 'Elektronisch meten en regelen', b'0', 963),
(979, 'Organ chemie: reactiviteit', b'0', 979),
(984, 'Web Information Systems', b'0', 984),
(985, 'Web Information Systems', b'0', 985),
(986, 'Research Topics Software Lang', b'0', 986),
(1002, 'Wiskundige Statistiek', b'0', 1002),
(1011, 'Moleculaire structuurbepaling', b'0', 1011),
(1020, 'Levensm.microbiol & -ecologie', b'0', 1020),
(1021, 'Moleculaire technologie', b'0', 1021),
(1022, 'Modellering (bio)chem proc', b'0', 1022),
(1024, 'Genetics', b'0', 1024),
(1027, 'Molecular Cell Biology', b'0', 1027),
(1028, 'Molecular Biophysics', b'0', 1028),
(1029, 'Protein Structure and Function', b'0', 1029),
(1030, 'Cellular Biology & Immunology', b'0', 1030),
(1031, 'Plant Molecular Biology', b'0', 1031),
(1033, 'Molecular Microbiology', b'0', 1033),
(1034, 'Molecular Microbiology', b'0', 1034),
(1035, 'Developmental Biology', b'0', 1035),
(1041, 'Antibody Engineering', b'0', 1041),
(1044, 'Gene Expression Analysis', b'0', 1044),
(1046, 'Plant Molecular Genetics', b'0', 1046),
(1050, 'Stem Cell Biology', b'0', 1050),
(1052, 'Eiwittransp & posttransl modif', b'0', 1052),
(1055, 'Biostatistics', b'0', 1055),
(1056, 'Molecular Phylogen & Evolution', b'0', 1056),
(1057, 'Molecular Phylogen & Evolution', b'0', 1057),
(1058, 'Bacterial Genetics & Genomics', b'0', 1058),
(1059, 'Software architecturen', b'0', 1059),
(1060, 'Software architecturen', b'0', 1060),
(1062, 'Med Mol Microbiol & Parasitol', b'0', 1062),
(1063, 'Moleculaire Microbiologie', b'0', 1063),
(1064, 'Regulatie cellulaire processen', b'0', 1064),
(1065, 'Plantenbiotechnologie', b'0', 1065),
(1066, 'Biomed Ingenieurstechnieken', b'0', 1066),
(1067, 'Ge?ntegr pra biomol technol', b'0', 1067),
(1069, 'Enzymkinetiek & enzymmechanism', b'0', 1069),
(1070, 'Cellulaire biotechnologie', b'0', 1070),
(1071, 'Kwantumveldentheorie', b'0', 1071),
(1075, 'Elektrozwakke en sterke kracht', b'0', 1075),
(1078, 'Astro-deeltjesfysica', b'0', 1078),
(1081, 'Inleiding tot de kosmologie', b'0', 1081),
(1082, 'Extensions of the Stand Model', b'0', 1082),
(1083, 'Gevorderde veldentheorie', b'0', 1083),
(1107, 'Functional Plant Science', b'0', 1107),
(1111, 'Developmental Biology', b'0', 1111),
(1112, 'Developmental Biology', b'0', 1112),
(1113, 'Int Pract Gen  Cell & Dev Biol', b'0', 1113),
(1118, 'Begeleide zelfstudie', b'0', 1118),
(1123, 'Masterproef Biologie', b'0', 1123),
(1126, 'Wetenschappelijke presentatie', b'0', 1126),
(1127, 'Wetenschappelijke presentatie', b'0', 1127),
(1130, 'Or f life & paleontol evol', b'0', 1130),
(1131, 'Nucl acid chem & gen eng', b'0', 1131),
(1132, 'General & Protein Chemistry', b'0', 1132),
(1133, 'Gen & Analytical Biochem', b'0', 1133),
(1134, 'Practicals I', b'0', 1134),
(1141, 'Moleculaire modelling', b'0', 1141),
(1150, 'Cap sel Softw Engineering', b'0', 1150),
(1155, 'Actual Trends Artif Intellig', b'0', 1155),
(1157, 'AI Programming Paradigms', b'0', 1157),
(1158, 'Natural Language Processing', b'0', 1158),
(1164, 'Computational Game Theory', b'0', 1164),
(1165, 'Computational Game Theory', b'0', 1165),
(1171, 'Chemische procesontwikkeling', b'0', 1171),
(1196, 'Stedelijke analyse en beleid', b'0', 1196),
(1210, 'Seminarie Analyse en Topologie', b'0', 1210),
(1212, 'Hopf algebra''s & quantumgr', b'0', 1212),
(1215, 'Permutatiegr & incidentiemeetk', b'0', 1215),
(1216, 'Statistiek actuari?le wiskunde', b'0', 1216),
(1217, 'Statistiek actuari?le wiskunde', b'0', 1217),
(1221, 'Analyt & algebr getaltheorie', b'0', 1221),
(1222, 'Arithmetische meetkunde', b'0', 1222),
(1224, 'Differentiaalvgln & operatoren', b'0', 1224),
(1225, 'Functionaalanalyse', b'0', 1225),
(1226, 'Getaltheorie en cryptografie', b'0', 1226),
(1227, 'Gevorderde topologie', b'0', 1227),
(1228, 'Actuari?le modellen', b'0', 1228),
(1229, 'Eindige diffmeth & fin wisk', b'0', 1229),
(1230, 'Gevorderde numerieke methoden', b'0', 1230),
(1231, 'Gevord stochastische processen', b'0', 1231),
(1232, 'Grondslagen van de wiskunde', b'0', 1232),
(1233, 'Toepass diff. vergelijkingen', b'0', 1233),
(1234, 'Niet-commutatieve meetkunde', b'0', 1234),
(1235, 'Cliff alg&meerdim functheor', b'0', 1235),
(1236, 'Seminarie niet-commut meetk', b'0', 1236),
(1242, 'Robuste interferentie', b'0', 1242),
(1245, 'Multiroost & multisch opl.meth', b'0', 1245),
(1250, 'Associatieve algebra', b'0', 1250),
(1251, 'Categorietheorie', b'0', 1251),
(1252, 'Gevorderde kansrekening', b'0', 1252),
(1258, 'Wiskundige logica', b'0', 1258),
(1259, 'Sequenti?le Analyse', b'0', 1259),
(1262, 'Wavelets en toepassingen', b'0', 1262),
(1265, 'Knopentheorie', b'0', 1265),
(1266, 'Repres. theorie van  algebra''s', b'0', 1266),
(1274, 'Declaratief programmeren', b'0', 1274),
(1275, 'Declaratief programmeren', b'0', 1275),
(1288, 'Princ Obj Oriented Progr Lang', b'0', 1288),
(1289, 'Princ Obj Oriented Progr Lang', b'0', 1289),
(1319, 'Statistische methoden II', b'0', 1319),
(1322, 'Technol dierlijke prod', b'0', 1322),
(1323, 'Kwantit & predict microbiol', b'0', 1323),
(1336, 'Hydrogeologie', b'0', 1336),
(1339, 'Combinat Biochem & Drug Design', b'0', 1339),
(1340, 'Combinat Chem & Drug Design', b'0', 1340),
(1343, 'Microb diagn & mol parasitol', b'0', 1343),
(1344, 'Basisbegr moleculaire farmacol', b'0', 1344),
(1345, 'Grondige moleculaire farmacol', b'0', 1345),
(1346, 'Fys engin & cell engin', b'0', 1346),
(1347, 'Receptoren & signaaltransduct', b'0', 1347),
(1357, 'Advanced Molecular Biology', b'0', 1357),
(1361, 'Vakdid biowet', b'0', 1361),
(1363, 'Vakdid fysica & chemie', b'0', 1363),
(1365, 'Vakdid geografie', b'0', 1365),
(1370, 'Algorith Comp Biol & Bioinform', b'0', 1370),
(1373, 'Masterproef Bio-ingenieur', b'0', 1373),
(1386, 'Biotechnology', b'0', 1386),
(1387, 'Theor & prak eindige elem meth', b'0', 1387),
(1390, 'Lineaire statistische modellen', b'0', 1390),
(1391, 'Seminarie numerieke wiskunde', b'0', 1391),
(1392, 'Wetenschap  technol & samenlev', b'0', 1392),
(1396, 'Cap sel microbiologie', b'0', 1396),
(1397, 'Cap sel mol celbiologie', b'0', 1397),
(1411, 'Mechan  Kin & Appl Enz Cat', b'0', 1411),
(1412, 'Mol Host-Parasite Interactions', b'0', 1412),
(1413, 'Recombinant Antibody Engineer', b'0', 1413),
(1414, 'Structural Biology Methods', b'0', 1414),
(1415, 'Microbial Life in Extr Cond', b'0', 1415),
(1416, 'Adv Asp Molecular Pharmacol', b'0', 1416),
(1418, 'Master Proof Biomolecular Sc', b'0', 1418),
(1419, 'Research Comm & Man', b'0', 1419),
(1433, 'Decision Engineering', b'0', 1433),
(1437, 'Methods for Scientif Research', b'0', 1437),
(1438, 'Declarative Programming', b'0', 1438),
(1441, 'Bio-informatics', b'0', 1441),
(1455, 'Stochastic Calculus', b'0', 1455),
(1459, 'Blootst contamin bioaccumul', b'0', 1459),
(1463, 'Energiebeh  veiligh & transp', b'0', 1463),
(1467, 'Externe mobiliteit A', b'0', 1467),
(1483, 'Numerieke wiskunde', b'0', 1483),
(1486, 'Kanstheorie', b'0', 1486),
(1487, 'Algemene chemie', b'0', 1487),
(1488, 'Maattheorie', b'0', 1488),
(1497, 'Fysica: trill glvn & thermo', b'0', 1497),
(1498, 'Fysica: trill glvn & thermodyn', b'0', 1498),
(1499, 'Evolutie', b'0', 1499),
(1502, 'Geologie', b'0', 1502),
(1503, 'Fysica: elektromagnetisme', b'0', 1503),
(1504, 'Fysica: elektromagnetisme', b'0', 1504),
(1505, 'Inleiding Functionaalanalyse', b'0', 1505),
(1511, 'Experimentele fysica', b'0', 1511),
(1513, 'Subatomaire Fysica I', b'0', 1513),
(1518, 'Organische chemie: structuur', b'0', 1518),
(1519, 'Organ chemie: reactiviteit', b'0', 1519),
(1520, 'Fysicochemie: kwantumchemie', b'0', 1520),
(1523, 'Objectgerichte modelleertechn', b'0', 1523),
(1524, 'Databases', b'0', 1524),
(1525, 'Databases', b'0', 1525),
(1526, 'Lineaire algebra', b'0', 1526),
(1527, 'Lineaire algebra', b'0', 1527),
(1528, 'Fysica: inleiding mechanica', b'0', 1528),
(1529, 'Calculus I', b'0', 1529),
(1530, 'Calculus I', b'0', 1530),
(1531, 'Calculus II', b'0', 1531),
(1532, 'Analytische chemie I', b'0', 1532),
(1535, 'Aanvullingen van chemie', b'0', 1535),
(1539, 'Inleiding tot de kwantumchemie', b'0', 1539),
(1540, 'Milieuchemie', b'0', 1540),
(1545, 'Immunologie', b'0', 1545),
(1546, 'Plant Mol Gen & Plant Biotechn', b'0', 1546),
(1547, 'Voorbereiding bachelorproef', b'0', 1547),
(1548, 'Basisvaardigheden wiskunde', b'0', 1548),
(1549, 'Pol & econ geogr', b'0', 1549),
(1552, 'Wisk: alg  anal & meetkunde', b'0', 1552),
(1553, 'Wisk: gevord anal & meetkunde', b'0', 1553),
(1554, 'Inl tot de computerwetensch', b'0', 1554),
(1557, 'Exp studie micro-& macrokosmos', b'0', 1557),
(1558, 'Labovaardigheden in biologie', b'0', 1558),
(1559, 'Terreinwerk I', b'0', 1559),
(1563, 'Chemie: bouw mat&chem react I', b'0', 1563),
(1564, 'Chemie: bouw mat&chem react I', b'0', 1564),
(1565, 'Chemie: bouw mat&chem react II', b'0', 1565),
(1566, 'Alg & Mol Gen incl sem bio-eth', b'0', 1566),
(1567, 'Seminarie Actuele Wet & Samenl', b'0', 1567),
(1568, 'Polymeerchemie', b'0', 1568),
(1570, 'Wisk & fys mod: biotechnol', b'0', 1570),
(1572, 'Levensmiddelenchemie', b'0', 1572),
(1573, 'Org Chem: Methods of Synthesis', b'0', 1573),
(1574, 'Med Biotechnol & Parasitology', b'0', 1574),
(1575, 'Med Biotechnol & Parasitology', b'0', 1575),
(1576, 'Developmental Biology', b'0', 1576),
(1585, 'Computationele fysica', b'0', 1585),
(1586, 'Subatomic Physics II', b'0', 1586),
(1587, 'Algemene relativiteitstheorie', b'0', 1587),
(1589, 'Chemometrie', b'0', 1589),
(1590, 'Gevord organ chemie', b'0', 1590),
(1593, 'L?vy proc & hun toepassingen', b'0', 1593),
(1594, 'Onderw Actuari?le & Fin Wisk', b'0', 1594),
(1595, 'Onderw Actuari?le & Fin Wisk', b'0', 1595),
(1596, 'Forecasting Techniques', b'0', 1596),
(1600, 'Estuarine and Coastal Systems', b'0', 1600),
(1601, 'Law & Ethics Cons Aquat Syst', b'0', 1601),
(1602, 'In-situ & Rem Sens Tools Aq Sc', b'0', 1602),
(1603, 'Environmental Modelling', b'0', 1603),
(1604, 'Fieldwork & Lab Practices', b'0', 1604),
(1605, 'Paleoclimatol & Climate Change', b'0', 1605),
(1606, 'Marine Biodiversity & Ecology', b'0', 1606),
(1607, 'Marine Biodiversity & Ecology', b'0', 1607),
(1609, 'Aquatic Microbial Ecology', b'0', 1609),
(1610, 'Data & Information Management', b'0', 1610),
(1612, 'Intr Marine & Lacustrine Geol', b'0', 1612),
(1613, 'Intr Marine & Lacustrine Biol', b'0', 1613),
(1615, 'Applied Statistics', b'0', 1615),
(1616, 'Ecology of Coastal Seas', b'0', 1616),
(1617, 'Lacustrine Systems', b'0', 1617),
(1618, 'Integrated Fieldwork', b'0', 1618),
(1619, 'Man Aquatic Res: Fisheries', b'0', 1619),
(1620, 'Int Coast Zone Man: Mangr', b'0', 1620),
(1621, 'Environmental Monitoring', b'0', 1621),
(1622, 'Int Ecosyst Man & Ecol Eng', b'0', 1622),
(1623, 'Anthrgen Imp: Expl & Aquacult', b'0', 1623),
(1624, 'Ocean Drilling for Sc & Energy', b'0', 1624),
(1625, 'Masterthes Mar & Lac Sc & Man', b'0', 1625),
(1627, 'Professional Internship', b'0', 1627),
(1628, 'Advanced Biostatistics', b'0', 1628),
(1629, 'Evol & Biogeogr f Aquatic Org', b'0', 1629),
(1630, 'Biodiv of Aquatic Food Webs', b'0', 1630),
(1631, 'Marine Extreme Systems', b'0', 1631),
(1634, 'Environmental Impact Assessm', b'0', 1634),
(1636, 'Int Pra Conserv & Man', b'0', 1636),
(1637, 'Ecotoxicology & Risk Assessm', b'0', 1637),
(1638, 'Glob Chge & Coastl Haz Mitig', b'0', 1638),
(1639, 'Integrated Practicals', b'0', 1639),
(1640, 'Sedimentology', b'0', 1640),
(1641, 'Paleobiology Micro-Organisms', b'0', 1641),
(1642, 'Moleculaire Fys Chemie', b'0', 1642),
(1643, 'Computational Chemistry', b'0', 1643),
(1650, 'Medicinale chemie', b'0', 1650),
(1676, 'Stabiele isotopen Modellisatie', b'0', 1676),
(1677, 'Stage I', b'0', 1677),
(1678, 'Stage II', b'0', 1678),
(1679, 'Mol Modell: Electr Struct Meth', b'0', 1679),
(1680, 'Synthese & Struct v Peptiden', b'0', 1680),
(1682, 'Exp Techn Particle Physics', b'0', 1682),
(1683, 'Obj Oriented Progr (C++) Phys', b'0', 1683),
(1685, 'Elements History of Natural Sc', b'0', 1685),
(1702, 'Liegroepen en Lie-algebra''s', b'0', 1702),
(1716, 'Vloeibare Kristallen', b'0', 1716),
(1720, 'Bioinformatic Tools', b'0', 1720),
(1722, 'Multicore Programming', b'0', 1722),
(1723, 'Manuscript and Project Writing', b'0', 1723),
(1725, 'Asymmetrische Synthese', b'0', 1725),
(1726, 'Geschiedenis van de chemie', b'0', 1726),
(1727, 'Quantitative Cell Biology', b'0', 1727),
(1728, 'Limnology', b'0', 1728),
(1729, 'Biogeochemical Cycles', b'0', 1729),
(1730, 'Guided Self-Study', b'0', 1730),
(1733, 'Masterproef Toegep Informatica', b'0', 1733),
(1734, 'Biocomplexity & Systems Ecolog', b'0', 1734),
(1736, 'Distrib & Mobile Progr Paradig', b'0', 1736),
(1737, 'Graduate Statistics', b'0', 1737),
(1739, 'Time Series Analysis I', b'0', 1739),
(1744, 'Simulat Phys Phenom&Detectors', b'0', 1744),
(1745, 'Toxins Amphibians & Reptiles', b'0', 1745),
(1746, 'System, Phylog & Nat Hist Amph', b'0', 1746),
(1747, 'Natural Risk Management', b'0', 1747),
(1748, 'Field Trip Herpetology', b'0', 1748),
(1749, 'Amphibian & Rept Dis & Conserv', b'0', 1749),
(1750, 'Functl Ecol Amphibians & Rept', b'0', 1750),
(1751, 'Natl Hist Burrowg Herpetofauna', b'0', 1751),
(1752, 'Conc & Integr Taxy Herpetology', b'0', 1752),
(1753, 'Ecol Physiol Amphibians & Rept', b'0', 1753),
(1754, 'Population & Conservation Gen', b'0', 1754),
(1755, 'Evolutionary & Ecol Physiology', b'0', 1755),
(1756, 'Current Topics in Celbiologie', b'0', 1756),
(1761, 'Natural Hazards', b'0', 1761),
(1770, 'System, Phylog & Nat Hist Rept', b'0', 1770),
(1771, 'Prot.chemie  functie & struct', b'0', 1771),
(1772, 'Ge?nt pra struct & fctie eiwit', b'0', 1772),
(1773, 'Adv Topics Inform Syst', b'0', 1773),
(1774, 'Adv Topics Inform Syst', b'0', 1774),
(1793, 'Clean Technology', b'0', 1793),
(1796, 'Plant Breeding', b'0', 1796),
(1797, 'Molecular Phytopathology', b'0', 1797),
(1801, 'Dynamic Processes', b'0', 1801),
(1803, 'Professional Internship', b'0', 1803),
(1804, 'Professional Internship', b'0', 1804),
(1806, 'Tralie- en schoventheorie', b'0', 1806),
(1810, 'Wisk: gevord anal & meetkunde', b'0', 1810),
(1811, 'Molecular Biophysics', b'0', 1811),
(1812, 'Structural Biology Methods', b'0', 1812),
(1813, 'Molecular Phylogen & Evolution', b'0', 1813),
(1814, 'Microbial Life in Extr Cond', b'0', 1814),
(1815, 'Protein Maturation & Traff', b'0', 1815),
(1816, 'Vaccine Technology', b'0', 1816),
(1817, 'Mechan  Kin & Appl Enz Cat', b'0', 1817),
(1818, 'Cellular Biology & Immunology', b'0', 1818),
(1819, 'Recombinant Antibody Engineer', b'0', 1819),
(1820, 'Parasitology & Immunodiagnost', b'0', 1820),
(1821, 'Advanced Molecular Biology', b'0', 1821),
(1824, 'Developmental Biology', b'0', 1824),
(1825, 'Bioinformatics and Omics', b'0', 1825),
(1826, 'Biostatistics', b'0', 1826),
(1827, 'Protein Structure and Function', b'0', 1827),
(1828, 'High Throughput Techniques', b'0', 1828),
(1829, 'Stem Cell Biology', b'0', 1829),
(1830, 'Bacterial Genetics & Genomics', b'0', 1830),
(1831, 'Micro- and Nanobiotechnology', b'0', 1831),
(1832, 'Adv Asp Molecular Pharmacol', b'0', 1832),
(1838, 'Small biomolecule conformation', b'0', 1838),
(1842, 'Plantenbiotechnologie', b'0', 1842),
(1843, 'Ind Bio-organ Chemie', b'0', 1843),
(1844, 'Galactic Astronomy', b'0', 1844),
(1845, 'Extragalactic Astronomy', b'0', 1845),
(1846, 'Integr Marine Coastal Ecol', b'0', 1846),
(1847, 'Integr Field Course Sea', b'0', 1847),
(1848, 'Integr Limnol Field Course', b'0', 1848),
(1849, 'Multivariate Data Analysis', b'0', 1849),
(1850, 'Practicum organische chemie', b'0', 1850),
(1851, 'Projectwerk organische chemie', b'0', 1851),
(1852, 'Proj werk anal- en milieuchemi', b'0', 1852),
(1853, 'Proj werk fys & comput chemie', b'0', 1853),
(1854, 'Quantum Entanglement', b'0', 1854),
(1855, 'Trop & Tratosph chem', b'0', 1855),
(1856, 'Introduct earth atmosph syst', b'0', 1856),
(1857, 'Chem & Industr: cap sel', b'0', 1857),
(1858, 'Peptidomimetics', b'0', 1858),
(1859, 'Drug Discovery and Design 1', b'0', 1859),
(1860, 'Drug Discovery and Design 2', b'0', 1860),
(1861, 'Drug Discovery and Design 3', b'0', 1861),
(1862, 'Levensmiddelenchemie', b'0', 1862),
(1863, 'polymeren: synth & mol karakt', b'0', 1863),
(1864, 'Bio-NMR', b'0', 1864),
(1866, 'Publieke ruimte', b'0', 1866),
(1868, 'Ruimtelijke Planning-2', b'0', 1868),
(1869, 'Geschiedenis stedenbouw', b'0', 1869),
(1871, 'Sociologie en Planning', b'0', 1871),
(1872, 'StOntw,StraProjt,RuimtPlan:cas', b'0', 1872),
(1873, 'Meth &Tech v. Stedenbouwk. ond', b'0', 1873),
(1874, 'Basiswet. vr Stedenbouw', b'0', 1874),
(1875, 'Ontwerpstudio 3', b'0', 1875),
(1876, 'Excursie 1', b'0', 1876),
(1877, 'Ontwerpstudio 4', b'0', 1877),
(1878, 'Excursie 2', b'0', 1878),
(1879, 'Projectmanagement & Monitoring', b'0', 1879),
(1880, 'Inl. tt h. Stedenbouwk. Onderz', b'0', 1880),
(1881, 'Landschap 1', b'0', 1881),
(1882, 'Ruimte en Economie', b'0', 1882),
(1883, 'Landschap 2', b'0', 1883),
(1884, 'Ontwerpstudio 1', b'0', 1884),
(1885, 'Ruimtelijke Planning-1', b'0', 1885),
(1887, 'Ruimtelijke Planning-3', b'0', 1887),
(1889, 'Inl t/h Ruimtelijk Ontw', b'0', 1889),
(1891, 'Grafische Vaardigheden - CAD', b'0', 1891),
(1892, 'grafische vaardigheden GIS', b'0', 1892),
(1893, 'Variation & Evolution Plants', b'0', 1893),
(1894, 'Earth System & Interactions', b'0', 1894),
(1895, 'Applied Tropical Entomolgy', b'0', 1895),
(1896, 'Exp?riment. & Analyse Donn?es', b'0', 1896),
(1897, 'G?n?tique des Populations', b'0', 1897),
(1898, 'Tropical biocomplexity', b'0', 1898),
(1899, 'Phytotechn. P?dol. R?g.Chaudes', b'0', 1899),
(1900, 'Statistiq & Traitement Donn?es', b'0', 1900),
(1901, 'Climate et Biotope', b'0', 1901),
(1902, 'Probl.Actuelles Biodiv.Tropica', b'0', 1902),
(1903, 'Bases (Avanc?es) Taxonomie', b'0', 1903),
(1904, 'Bases (Avanc?es) Phylog?n?tiqu', b'0', 1904),
(1905, 'Anatomie Compar?e', b'0', 1905),
(1906, 'Initiation Milieux Tropicaux', b'0', 1906),
(1907, 'Sciences Nature de l''Homme', b'0', 1907),
(1908, 'Droit Patr. Nat. In/Ex Situ', b'0', 1908),
(1909, 'Data Analysis Environm Model', b'0', 1909),
(1910, 'Tropical Botany', b'0', 1910),
(1911, 'Biodiversity and Conservation', b'0', 1911),
(1912, 'Tropical Climatology', b'0', 1912),
(1913, 'Wetland Plant Communities', b'0', 1913),
(1914, 'Marine & Coastal Biology', b'0', 1914),
(1915, 'Pedology', b'0', 1915),
(1916, 'Ecology', b'0', 1916),
(1917, 'Physical Geo of Tropic Environ', b'0', 1917),
(1918, 'Social Insects Tropic Environm', b'0', 1918),
(1919, 'Amazon Rainforest Field Course', b'0', 1919),
(1920, 'Remote Sensing & GIS', b'0', 1920),
(1921, 'Biodiv & Ecosys Loreto Region', b'0', 1921),
(1922, 'Amazon Terrestrial Ecosystems', b'0', 1922),
(1923, 'Amazon Aquatic Ecosystems', b'0', 1923),
(1924, 'Amazon Rainforest Waters', b'0', 1924),
(1925, 'Amazon Bio & Cult Diversity', b'0', 1925),
(1926, 'Mbalmayo Field Course', b'0', 1926),
(1927, 'GIS, Remote Sensing& Landscape', b'0', 1927),
(1928, 'Adv. Plant Syst.-Afr.Rainfor', b'0', 1928),
(1929, 'Biodiversity Conservation', b'0', 1929),
(1930, 'Tropical Phytogeography', b'0', 1930),
(1931, 'Natural Res. Eval. Methods', b'0', 1931),
(1932, 'Forest Ecology & Silviculture', b'0', 1932),
(1933, 'Socioeco Anal & Elab Manageme', b'0', 1933),
(1934, 'Forest Managem & Certification', b'0', 1934),
(1935, 'Plantes Mellif?res & Apicultur', b'0', 1935),
(1936, 'Plantes M?dicinales', b'0', 1936),
(1937, 'Ethnopharm/Ethnobotan Valorisa', b'0', 1937),
(1938, 'Remote Sensing of Environment', b'0', 1938),
(1939, 'Geograph Information Systems', b'0', 1939),
(1940, 'Northern & Tropical Queensland', b'0', 1940),
(1941, 'Australia''s Terrestr Environme', b'0', 1941),
(1942, 'Visitors Sensitive Environment', b'0', 1942),
(1943, 'Landscape Ecology', b'0', 1943),
(1944, 'Research Topic (Environ Manag)', b'0', 1944),
(1945, 'Australia?s Marine Environment', b'0', 1945),
(1946, 'Coral Reefs - Tropic Mar Eco', b'0', 1946),
(1947, 'Coastal Processes & Management', b'0', 1947),
(1948, 'Catchment Processes & Manageme', b'0', 1948),
(1949, 'Master Thesis', b'0', 1949),
(1950, 'Scientific Presentation Skills', b'0', 1950),
(1951, 'Dynamics Artifact-Org Systems', b'0', 1951),
(1952, 'Comportement Animal', b'0', 1952),
(1953, 'Biog?ographie', b'0', 1953),
(1954, 'R?daction Scientifique', b'0', 1954),
(1955, 'Diversit? & Histoire Lign?es', b'0', 1955),
(1956, 'Floristique Tropicale FLORATRO', b'0', 1956),
(1957, 'Xylologie-Pal?oxylologie', b'0', 1957),
(1958, 'Biodiversity Informatics', b'0', 1958),
(1959, 'Explora & Descript Biodiversit', b'0', 1959),
(1960, 'Initiation Techn Avanc?es Coll', b'0', 1960),
(1961, 'Taxinomie et Nomenclature', b'0', 1961),
(1962, 'M?th Discr & Identifi Taxinomi', b'0', 1962),
(1963, 'Form Conn Syst & Paleobio', b'0', 1963),
(1964, 'Morphologie Cladist Inform', b'0', 1964),
(1965, 'Mod?lisation Formes & Analyse', b'0', 1965),
(1966, 'Mod?lisation Syst Complexes', b'0', 1966),
(1967, 'Enjeux Patr, Econ & Scient', b'0', 1967),
(1968, 'Part Inst & Asso Gestion & Con', b'0', 1968),
(1969, 'Natural Res, Popul & Develop', b'0', 1969),
(1970, 'Coastal Morpho & Shore Protect', b'0', 1970),
(1971, 'Wetland Resources Evaluation', b'0', 1971),
(1972, 'Climate Change Biology', b'0', 1972),
(1973, 'Physical Landscape Modelling', b'0', 1973),
(1974, 'Primatology', b'0', 1974),
(1975, 'Animal Phylogeography', b'0', 1975),
(1976, 'Biological Invasions', b'0', 1976),
(1977, 'Migrations & Orient Tropic Env', b'0', 1977),
(1978, 'Tropical Herbarium Management', b'0', 1978),
(1979, 'Geografie in Praktijk : Stage', b'0', 1979),
(1980, 'Entrepr.ship & New Bus Develop', b'0', 1980),
(1981, 'Masterproef SteR', b'0', 1981),
(1986, 'Plant Yield', b'0', 1986),
(1993, 'Hed. Stedenbouwk. en Plan. Str', b'0', 1993),
(2000, 'Bioinformatica & systeembiolog', b'0', 2000),
(2013, 'Fysica: elektromagnetisme', b'0', 2013),
(2015, 'Information Visualization', b'0', 2015),
(2016, 'Advanced Databases', b'0', 2016),
(2017, 'Research Topc in Softw Qual', b'0', 2017);

-- --------------------------------------------------------

--
-- Table structure for table `COURSE_COMPONENT`
--

CREATE TABLE IF NOT EXISTS `COURSE_COMPONENT` (
  `CourseComponentID` int(11) NOT NULL AUTO_INCREMENT,
  `ContactHours` int(11) DEFAULT NULL,
  `Duration` int(11) DEFAULT NULL,
  `EndingDate` datetime DEFAULT NULL,
  `RoomCapacityRequirement` int(11) DEFAULT NULL,
  `RoomProjectorRequirement` bit(1) DEFAULT NULL,
  `RoomRecorderRequirement` bit(1) DEFAULT NULL,
  `RoomSMARTBoardRequirement` bit(1) DEFAULT NULL,
  `RoomTypeRequirement` int(11) DEFAULT NULL,
  `StartingDate` datetime DEFAULT NULL,
  `CourseComponentTerm` int(11) DEFAULT NULL,
  `CourseComponentType` int(11) DEFAULT NULL,
  `CourseID` int(11) DEFAULT NULL,
  PRIMARY KEY (`CourseComponentID`),
  KEY `FK_9mtn7s9pn9hem60swyc4fdykt` (`CourseID`)
) ENGINE=InnoDB  DEFAULT CHARSET=latin1 AUTO_INCREMENT=584 ;

--
-- Dumping data for table `COURSE_COMPONENT`
--

INSERT INTO `COURSE_COMPONENT` (`CourseComponentID`, `ContactHours`, `Duration`, `EndingDate`, `RoomCapacityRequirement`, `RoomProjectorRequirement`, `RoomRecorderRequirement`, `RoomSMARTBoardRequirement`, `RoomTypeRequirement`, `StartingDate`, `CourseComponentTerm`, `CourseComponentType`, `CourseID`) VALUES
(1, 0, 4, '2014-09-16 00:00:00', 0, b'0', b'0', b'0', NULL, '2013-09-16 00:00:00', 0, 3, 3),
(2, 0, 4, '2014-09-16 00:00:00', 0, b'0', b'0', b'0', NULL, '2013-09-16 00:00:00', 0, 3, 5),
(3, 0, 4, '2014-09-16 00:00:00', 0, b'0', b'0', b'0', NULL, '2013-09-16 00:00:00', 0, 3, 16),
(4, 0, 4, '2014-09-16 00:00:00', 0, b'0', b'0', b'0', NULL, '2013-09-16 00:00:00', 0, 3, 17),
(5, 26, 2, '2014-09-16 00:00:00', 0, b'0', b'0', b'0', NULL, '2013-09-16 00:00:00', 1, 0, 31),
(6, 0, 4, '2014-09-16 00:00:00', 0, b'0', b'0', b'0', NULL, '2013-09-16 00:00:00', 1, 3, 33),
(7, 0, 4, '2014-09-16 00:00:00', 0, b'0', b'0', b'0', NULL, '2013-09-16 00:00:00', 1, 3, 45),
(8, 0, 4, '2014-09-16 00:00:00', 0, b'0', b'0', b'0', NULL, '2013-09-16 00:00:00', 0, 3, 55),
(9, 26, 2, '2014-09-16 00:00:00', 0, b'0', b'0', b'0', NULL, '2013-09-16 00:00:00', 1, 0, 57),
(10, 0, 4, '2014-09-16 00:00:00', 0, b'0', b'0', b'0', NULL, '2013-09-16 00:00:00', 1, 3, 71),
(11, 0, 4, '2014-09-16 00:00:00', 0, b'0', b'0', b'0', NULL, '2013-09-16 00:00:00', 1, 3, 76),
(12, 0, 4, '2014-09-16 00:00:00', 0, b'0', b'0', b'0', NULL, '2013-09-16 00:00:00', 1, 3, 97),
(13, 0, 4, '2014-09-16 00:00:00', 0, b'0', b'0', b'0', NULL, '2013-09-16 00:00:00', 1, 3, 98),
(14, 0, 4, '2014-09-16 00:00:00', 0, b'0', b'0', b'0', NULL, '2013-09-16 00:00:00', 0, 3, 134),
(15, 0, 4, '2014-09-16 00:00:00', 0, b'0', b'0', b'0', NULL, '2013-09-16 00:00:00', 1, 3, 140),
(16, 13, 2, '2014-09-16 00:00:00', 0, b'0', b'0', b'0', NULL, '2013-09-16 00:00:00', 1, 0, 195),
(17, 0, 4, '2014-09-16 00:00:00', 0, b'0', b'0', b'0', NULL, '2013-09-16 00:00:00', 0, 3, 220),
(18, 0, 4, '2014-09-16 00:00:00', 0, b'0', b'0', b'0', NULL, '2013-09-16 00:00:00', 0, 3, 278),
(19, 0, 4, '2014-09-16 00:00:00', 0, b'0', b'0', b'0', NULL, '2013-09-16 00:00:00', 0, 3, 291),
(20, 0, 4, '2014-09-16 00:00:00', 0, b'0', b'0', b'0', NULL, '2013-09-16 00:00:00', 0, 3, 292),
(21, 0, 4, '2014-09-16 00:00:00', 0, b'0', b'0', b'0', NULL, '2013-09-16 00:00:00', 2, 3, 298),
(22, 0, 4, '2014-09-16 00:00:00', 0, b'0', b'0', b'0', NULL, '2013-09-16 00:00:00', 2, 3, 301),
(23, 0, 4, '2014-09-16 00:00:00', 0, b'0', b'0', b'0', NULL, '2013-09-16 00:00:00', 0, 3, 316),
(24, 0, 4, '2014-09-16 00:00:00', 0, b'0', b'0', b'0', NULL, '2013-09-16 00:00:00', 0, 3, 323),
(25, 0, 4, '2014-09-16 00:00:00', 0, b'0', b'0', b'0', NULL, '2013-09-16 00:00:00', 1, 3, 324),
(26, 0, 4, '2014-09-16 00:00:00', 0, b'0', b'0', b'0', NULL, '2013-09-16 00:00:00', 0, 3, 350),
(27, 0, 4, '2014-09-16 00:00:00', 0, b'0', b'0', b'0', NULL, '2013-09-16 00:00:00', 0, 3, 371),
(28, 0, 4, '2014-09-16 00:00:00', 0, b'0', b'0', b'0', NULL, '2013-09-16 00:00:00', 0, 3, 372),
(29, 0, 4, '2014-09-16 00:00:00', 0, b'0', b'0', b'0', NULL, '2013-09-16 00:00:00', 2, 3, 402),
(30, 0, 4, '2014-09-16 00:00:00', 0, b'0', b'0', b'0', NULL, '2013-09-16 00:00:00', 0, 3, 420),
(31, 0, 4, '2014-09-16 00:00:00', 0, b'0', b'0', b'0', NULL, '2013-09-16 00:00:00', 0, 3, 421),
(32, 0, 4, '2014-09-16 00:00:00', 0, b'0', b'0', b'0', NULL, '2013-09-16 00:00:00', 1, 3, 438),
(33, 0, 4, '2014-09-16 00:00:00', 0, b'0', b'0', b'0', NULL, '2013-09-16 00:00:00', 0, 3, 441),
(34, 0, 4, '2014-09-16 00:00:00', 0, b'0', b'0', b'0', NULL, '2013-09-16 00:00:00', 0, 3, 444),
(35, 39, 2, '2014-09-16 00:00:00', 0, b'0', b'0', b'0', NULL, '2013-09-16 00:00:00', 1, 0, 448),
(36, 0, 4, '2014-09-16 00:00:00', 0, b'0', b'0', b'0', NULL, '2013-09-16 00:00:00', 1, 3, 450),
(37, 0, 4, '2014-09-16 00:00:00', 0, b'0', b'0', b'0', NULL, '2013-09-16 00:00:00', 1, 3, 451),
(38, 0, 4, '2014-09-16 00:00:00', 0, b'0', b'0', b'0', NULL, '2013-09-16 00:00:00', 1, 3, 453),
(39, 0, 4, '2014-09-16 00:00:00', 0, b'0', b'0', b'0', NULL, '2013-09-16 00:00:00', 0, 3, 454),
(40, 0, 4, '2014-09-16 00:00:00', 0, b'0', b'0', b'0', NULL, '2013-09-16 00:00:00', 0, 3, 455),
(41, 0, 4, '2014-09-16 00:00:00', 0, b'0', b'0', b'0', NULL, '2013-09-16 00:00:00', 0, 3, 456),
(42, 0, 4, '2014-09-16 00:00:00', 0, b'0', b'0', b'0', NULL, '2013-09-16 00:00:00', 2, 3, 457),
(43, 0, 4, '2014-09-16 00:00:00', 0, b'0', b'0', b'0', NULL, '2013-09-16 00:00:00', 0, 3, 458),
(44, 0, 4, '2014-09-16 00:00:00', 0, b'0', b'0', b'0', NULL, '2013-09-16 00:00:00', 1, 3, 459),
(45, 0, 4, '2014-09-16 00:00:00', 0, b'0', b'0', b'0', NULL, '2013-09-16 00:00:00', 1, 3, 471),
(46, 0, 4, '2014-09-16 00:00:00', 0, b'0', b'0', b'0', NULL, '2013-09-16 00:00:00', 1, 3, 475),
(47, 0, 4, '2014-09-16 00:00:00', 0, b'0', b'0', b'0', NULL, '2013-09-16 00:00:00', 1, 3, 476),
(48, 0, 4, '2014-09-16 00:00:00', 0, b'0', b'0', b'0', NULL, '2013-09-16 00:00:00', 0, 3, 499),
(49, 30, 4, '2014-09-16 00:00:00', 0, b'0', b'0', b'0', NULL, '2013-09-16 00:00:00', 0, 3, 535),
(50, 0, 4, '2014-09-16 00:00:00', 0, b'0', b'0', b'0', NULL, '2013-09-16 00:00:00', 2, 3, 542),
(51, 0, 4, '2014-09-16 00:00:00', 0, b'0', b'0', b'0', NULL, '2013-09-16 00:00:00', 2, 3, 544),
(52, 0, 4, '2014-09-16 00:00:00', 0, b'0', b'0', b'0', NULL, '2013-09-16 00:00:00', 1, 3, 559),
(53, 0, 4, '2014-09-16 00:00:00', 0, b'0', b'0', b'0', NULL, '2013-09-16 00:00:00', 1, 3, 561),
(54, 0, 4, '2014-09-16 00:00:00', 0, b'0', b'0', b'0', NULL, '2013-09-16 00:00:00', 1, 3, 562),
(55, 0, 4, '2014-09-16 00:00:00', 0, b'0', b'0', b'0', NULL, '2013-09-16 00:00:00', 1, 3, 568),
(56, 0, 4, '2014-09-16 00:00:00', 0, b'0', b'0', b'0', NULL, '2013-09-16 00:00:00', 1, 3, 569),
(57, 0, 4, '2014-09-16 00:00:00', 0, b'0', b'0', b'0', NULL, '2013-09-16 00:00:00', 3, 3, 583),
(58, 0, 4, '2014-09-16 00:00:00', 0, b'0', b'0', b'0', NULL, '2013-09-16 00:00:00', 1, 3, 586),
(59, 0, 4, '2014-09-16 00:00:00', 0, b'0', b'0', b'0', NULL, '2013-09-16 00:00:00', 6, 3, 590),
(60, 0, 4, '2014-09-16 00:00:00', 0, b'0', b'0', b'0', NULL, '2013-09-16 00:00:00', 1, 3, 593),
(61, 0, 4, '2014-09-16 00:00:00', 0, b'0', b'0', b'0', NULL, '2013-09-16 00:00:00', 1, 3, 594),
(62, 0, 4, '2014-09-16 00:00:00', 0, b'0', b'0', b'0', NULL, '2013-09-16 00:00:00', 1, 3, 595),
(63, 0, 4, '2014-09-16 00:00:00', 0, b'0', b'0', b'0', NULL, '2013-09-16 00:00:00', 1, 3, 597),
(64, 0, 4, '2014-09-16 00:00:00', 0, b'0', b'0', b'0', NULL, '2013-09-16 00:00:00', 0, 3, 599),
(65, 0, 4, '2014-09-16 00:00:00', 0, b'0', b'0', b'0', NULL, '2013-09-16 00:00:00', 0, 3, 600),
(66, 0, 4, '2014-09-16 00:00:00', 0, b'0', b'0', b'0', NULL, '2013-09-16 00:00:00', 0, 3, 605),
(67, 0, 4, '2014-09-16 00:00:00', 0, b'0', b'0', b'0', NULL, '2013-09-16 00:00:00', 1, 3, 607),
(68, 0, 4, '2014-09-16 00:00:00', 0, b'0', b'0', b'0', NULL, '2013-09-16 00:00:00', 0, 3, 608),
(69, 0, 4, '2014-09-16 00:00:00', 0, b'0', b'0', b'0', NULL, '2013-09-16 00:00:00', 0, 3, 610),
(70, 0, 4, '2014-09-16 00:00:00', 0, b'0', b'0', b'0', NULL, '2013-09-16 00:00:00', 0, 3, 644),
(71, 0, 4, '2014-09-16 00:00:00', 0, b'0', b'0', b'0', NULL, '2013-09-16 00:00:00', 0, 3, 645),
(72, 24, 4, '2014-09-16 00:00:00', 0, b'0', b'0', b'0', NULL, '2013-09-16 00:00:00', 0, 3, 647),
(73, 24, 4, '2014-09-16 00:00:00', 0, b'0', b'0', b'0', NULL, '2013-09-16 00:00:00', 0, 3, 648),
(74, 0, 4, '2014-09-16 00:00:00', 0, b'0', b'0', b'0', NULL, '2013-09-16 00:00:00', 0, 3, 666),
(75, 0, 4, '2014-09-16 00:00:00', 0, b'0', b'0', b'0', NULL, '2013-09-16 00:00:00', 1, 3, 689),
(76, 0, 4, '2014-09-16 00:00:00', 0, b'0', b'0', b'0', NULL, '2013-09-16 00:00:00', 1, 3, 692),
(77, 0, 4, '2014-09-16 00:00:00', 0, b'0', b'0', b'0', NULL, '2013-09-16 00:00:00', 1, 3, 693),
(78, 0, 4, '2014-09-16 00:00:00', 0, b'0', b'0', b'0', NULL, '2013-09-16 00:00:00', 1, 3, 694),
(79, 0, 4, '2014-09-16 00:00:00', 0, b'0', b'0', b'0', NULL, '2013-09-16 00:00:00', 1, 3, 695),
(80, 0, 4, '2014-09-16 00:00:00', 0, b'0', b'0', b'0', NULL, '2013-09-16 00:00:00', 1, 3, 696),
(81, 0, 4, '2014-09-16 00:00:00', 0, b'0', b'0', b'0', NULL, '2013-09-16 00:00:00', 1, 3, 699),
(82, 0, 4, '2014-09-16 00:00:00', 0, b'0', b'0', b'0', NULL, '2013-09-16 00:00:00', 1, 3, 706),
(83, 0, 4, '2014-09-16 00:00:00', 0, b'0', b'0', b'0', NULL, '2013-09-16 00:00:00', 0, 3, 708),
(84, 0, 4, '2014-09-16 00:00:00', 0, b'0', b'0', b'0', NULL, '2013-09-16 00:00:00', 1, 3, 711),
(85, 0, 4, '2014-09-16 00:00:00', 0, b'0', b'0', b'0', NULL, '2013-09-16 00:00:00', 1, 3, 712),
(86, 26, 2, '2014-09-16 00:00:00', 0, b'0', b'0', b'0', NULL, '2013-09-16 00:00:00', 1, 0, 719),
(87, 0, 4, '2014-09-16 00:00:00', 0, b'0', b'0', b'0', NULL, '2013-09-16 00:00:00', 2, 3, 726),
(88, 26, 4, '2014-09-16 00:00:00', 0, b'0', b'0', b'0', NULL, '2013-09-16 00:00:00', 1, 3, 727),
(89, 0, 4, '2014-09-16 00:00:00', 0, b'0', b'0', b'0', NULL, '2013-09-16 00:00:00', 1, 3, 728),
(90, 26, 4, '2014-09-16 00:00:00', 0, b'0', b'0', b'0', NULL, '2013-09-16 00:00:00', 0, 3, 732),
(91, 26, 4, '2014-09-16 00:00:00', 0, b'0', b'0', b'0', NULL, '2013-09-16 00:00:00', 0, 3, 733),
(92, 0, 4, '2014-09-16 00:00:00', 0, b'0', b'0', b'0', NULL, '2013-09-16 00:00:00', 0, 3, 734),
(93, 0, 4, '2014-09-16 00:00:00', 0, b'0', b'0', b'0', NULL, '2013-09-16 00:00:00', 1, 3, 755),
(94, 0, 4, '2014-09-16 00:00:00', 0, b'0', b'0', b'0', NULL, '2013-09-16 00:00:00', 0, 3, 768),
(95, 0, 4, '2014-09-16 00:00:00', 0, b'0', b'0', b'0', NULL, '2013-09-16 00:00:00', 1, 3, 770),
(96, 0, 4, '2014-09-16 00:00:00', 0, b'0', b'0', b'0', NULL, '2013-09-16 00:00:00', 0, 3, 771),
(97, 0, 4, '2014-09-16 00:00:00', 0, b'0', b'0', b'0', NULL, '2013-09-16 00:00:00', 1, 3, 776),
(98, 0, 4, '2014-09-16 00:00:00', 0, b'0', b'0', b'0', NULL, '2013-09-16 00:00:00', 0, 3, 778),
(99, 0, 4, '2014-09-16 00:00:00', 0, b'0', b'0', b'0', NULL, '2013-09-16 00:00:00', 1, 3, 780),
(100, 0, 4, '2014-09-16 00:00:00', 0, b'0', b'0', b'0', NULL, '2013-09-16 00:00:00', 0, 3, 781),
(101, 0, 4, '2014-09-16 00:00:00', 0, b'0', b'0', b'0', NULL, '2013-09-16 00:00:00', 1, 3, 805),
(102, 0, 4, '2014-09-16 00:00:00', 0, b'0', b'0', b'0', NULL, '2013-09-16 00:00:00', 0, 3, 809),
(103, 0, 4, '2014-09-16 00:00:00', 0, b'0', b'0', b'0', NULL, '2013-09-16 00:00:00', 0, 3, 821),
(104, 0, 4, '2014-09-16 00:00:00', 0, b'0', b'0', b'0', NULL, '2013-09-16 00:00:00', 1, 3, 832),
(105, 0, 4, '2014-09-16 00:00:00', 0, b'0', b'0', b'0', NULL, '2013-09-16 00:00:00', 1, 3, 835),
(106, 0, 4, '2014-09-16 00:00:00', 0, b'0', b'0', b'0', NULL, '2013-09-16 00:00:00', 0, 3, 841),
(107, 0, 4, '2014-09-16 00:00:00', 0, b'0', b'0', b'0', NULL, '2013-09-16 00:00:00', 0, 3, 843),
(108, 0, 4, '2014-09-16 00:00:00', 0, b'0', b'0', b'0', NULL, '2013-09-16 00:00:00', 1, 3, 845),
(109, 0, 4, '2014-09-16 00:00:00', 0, b'0', b'0', b'0', NULL, '2013-09-16 00:00:00', 1, 3, 850),
(110, 0, 4, '2014-09-16 00:00:00', 0, b'0', b'0', b'0', NULL, '2013-09-16 00:00:00', 1, 3, 851),
(111, 0, 4, '2014-09-16 00:00:00', 0, b'0', b'0', b'0', NULL, '2013-09-16 00:00:00', 0, 3, 865),
(112, 0, 4, '2014-09-16 00:00:00', 0, b'0', b'0', b'0', NULL, '2013-09-16 00:00:00', 0, 3, 870),
(113, 0, 4, '2014-09-16 00:00:00', 0, b'0', b'0', b'0', NULL, '2013-09-16 00:00:00', 0, 3, 871),
(114, 0, 4, '2014-09-16 00:00:00', 0, b'0', b'0', b'0', NULL, '2013-09-16 00:00:00', 0, 3, 873),
(115, 0, 4, '2014-09-16 00:00:00', 0, b'0', b'0', b'0', NULL, '2013-09-16 00:00:00', 4, 3, 878),
(116, 26, 4, '2014-09-16 00:00:00', 0, b'0', b'0', b'0', NULL, '2013-09-16 00:00:00', 2, 3, 892),
(117, 0, 4, '2014-09-16 00:00:00', 0, b'0', b'0', b'0', NULL, '2013-09-16 00:00:00', 1, 3, 898),
(118, 0, 4, '2014-09-16 00:00:00', 0, b'0', b'0', b'0', NULL, '2013-09-16 00:00:00', 0, 3, 909),
(119, 0, 4, '2014-09-16 00:00:00', 0, b'0', b'0', b'0', NULL, '2013-09-16 00:00:00', 1, 3, 910),
(120, 0, 4, '2014-09-16 00:00:00', 0, b'0', b'0', b'0', NULL, '2013-09-16 00:00:00', 0, 3, 915),
(121, 0, 4, '2014-09-16 00:00:00', 0, b'0', b'0', b'0', NULL, '2013-09-16 00:00:00', 0, 3, 916),
(122, 0, 4, '2014-09-16 00:00:00', 0, b'0', b'0', b'0', NULL, '2013-09-16 00:00:00', 1, 3, 919),
(123, 0, 4, '2014-09-16 00:00:00', 0, b'0', b'0', b'0', NULL, '2013-09-16 00:00:00', 1, 3, 922),
(124, 0, 4, '2014-09-16 00:00:00', 0, b'0', b'0', b'0', NULL, '2013-09-16 00:00:00', 0, 3, 930),
(125, 0, 4, '2014-09-16 00:00:00', 0, b'0', b'0', b'0', NULL, '2013-09-16 00:00:00', 0, 3, 932),
(126, 0, 4, '2014-09-16 00:00:00', 0, b'0', b'0', b'0', NULL, '2013-09-16 00:00:00', 2, 3, 935),
(127, 0, 4, '2014-09-16 00:00:00', 0, b'0', b'0', b'0', NULL, '2013-09-16 00:00:00', 1, 3, 937),
(128, 0, 4, '2014-09-16 00:00:00', 0, b'0', b'0', b'0', NULL, '2013-09-16 00:00:00', 0, 3, 939),
(129, 0, 4, '2014-09-16 00:00:00', 0, b'0', b'0', b'0', NULL, '2013-09-16 00:00:00', 0, 3, 941),
(130, 0, 4, '2014-09-16 00:00:00', 0, b'0', b'0', b'0', NULL, '2013-09-16 00:00:00', 0, 3, 953),
(131, 0, 4, '2014-09-16 00:00:00', 0, b'0', b'0', b'0', NULL, '2013-09-16 00:00:00', 1, 3, 961),
(132, 0, 4, '2014-09-16 00:00:00', 0, b'0', b'0', b'0', NULL, '2013-09-16 00:00:00', 0, 3, 963),
(133, 0, 4, '2014-09-16 00:00:00', 0, b'0', b'0', b'0', NULL, '2013-09-16 00:00:00', 1, 3, 979),
(134, 0, 4, '2014-09-16 00:00:00', 0, b'0', b'0', b'0', NULL, '2013-09-16 00:00:00', 0, 3, 984),
(135, 0, 4, '2014-09-16 00:00:00', 0, b'0', b'0', b'0', NULL, '2013-09-16 00:00:00', 0, 3, 985),
(136, 0, 4, '2014-09-16 00:00:00', 0, b'0', b'0', b'0', NULL, '2013-09-16 00:00:00', 0, 3, 986),
(137, 0, 4, '2014-09-16 00:00:00', 0, b'0', b'0', b'0', NULL, '2013-09-16 00:00:00', 0, 3, 1002),
(138, 0, 4, '2014-09-16 00:00:00', 0, b'0', b'0', b'0', NULL, '2013-09-16 00:00:00', 0, 3, 1011),
(139, 0, 4, '2014-09-16 00:00:00', 0, b'0', b'0', b'0', NULL, '2013-09-16 00:00:00', 1, 3, 1020),
(140, 0, 4, '2014-09-16 00:00:00', 0, b'0', b'0', b'0', NULL, '2013-09-16 00:00:00', 0, 3, 1021),
(141, 0, 4, '2014-09-16 00:00:00', 0, b'0', b'0', b'0', NULL, '2013-09-16 00:00:00', 1, 3, 1022),
(142, 0, 4, '2014-09-16 00:00:00', 0, b'0', b'0', b'0', NULL, '2013-09-16 00:00:00', 0, 3, 1024),
(143, 0, 4, '2014-09-16 00:00:00', 0, b'0', b'0', b'0', NULL, '2013-09-16 00:00:00', 0, 3, 1027),
(144, 0, 4, '2014-09-16 00:00:00', 0, b'0', b'0', b'0', NULL, '2013-09-16 00:00:00', 0, 3, 1028),
(145, 0, 4, '2014-09-16 00:00:00', 0, b'0', b'0', b'0', NULL, '2013-09-16 00:00:00', 0, 3, 1029),
(146, 0, 4, '2014-09-16 00:00:00', 0, b'0', b'0', b'0', NULL, '2013-09-16 00:00:00', 0, 3, 1030),
(147, 0, 4, '2014-09-16 00:00:00', 0, b'0', b'0', b'0', NULL, '2013-09-16 00:00:00', 0, 3, 1031),
(148, 0, 4, '2014-09-16 00:00:00', 0, b'0', b'0', b'0', NULL, '2013-09-16 00:00:00', 1, 3, 1033),
(149, 0, 4, '2014-09-16 00:00:00', 0, b'0', b'0', b'0', NULL, '2013-09-16 00:00:00', 1, 3, 1034),
(150, 0, 4, '2014-09-16 00:00:00', 0, b'0', b'0', b'0', NULL, '2013-09-16 00:00:00', 1, 3, 1035),
(151, 0, 4, '2014-09-16 00:00:00', 0, b'0', b'0', b'0', NULL, '2013-09-16 00:00:00', 2, 3, 1041),
(152, 0, 4, '2014-09-16 00:00:00', 0, b'0', b'0', b'0', NULL, '2013-09-16 00:00:00', 2, 3, 1044),
(153, 0, 4, '2014-09-16 00:00:00', 0, b'0', b'0', b'0', NULL, '2013-09-16 00:00:00', 2, 3, 1046),
(154, 0, 4, '2014-09-16 00:00:00', 0, b'0', b'0', b'0', NULL, '2013-09-16 00:00:00', 1, 3, 1050),
(155, 0, 4, '2014-09-16 00:00:00', 0, b'0', b'0', b'0', NULL, '2013-09-16 00:00:00', 1, 3, 1052),
(156, 0, 4, '2014-09-16 00:00:00', 0, b'0', b'0', b'0', NULL, '2013-09-16 00:00:00', 1, 3, 1055),
(157, 0, 4, '2014-09-16 00:00:00', 0, b'0', b'0', b'0', NULL, '2013-09-16 00:00:00', 3, 3, 1056),
(158, 0, 4, '2014-09-16 00:00:00', 0, b'0', b'0', b'0', NULL, '2013-09-16 00:00:00', 3, 3, 1057),
(159, 0, 4, '2014-09-16 00:00:00', 0, b'0', b'0', b'0', NULL, '2013-09-16 00:00:00', 1, 3, 1058),
(160, 26, 2, '2014-09-16 00:00:00', 0, b'0', b'0', b'0', NULL, '2013-09-16 00:00:00', 1, 0, 1059),
(161, 26, 2, '2014-09-16 00:00:00', 0, b'0', b'0', b'0', NULL, '2013-09-16 00:00:00', 1, 0, 1060),
(162, 0, 4, '2014-09-16 00:00:00', 0, b'0', b'0', b'0', NULL, '2013-09-16 00:00:00', 1, 3, 1062),
(163, 0, 4, '2014-09-16 00:00:00', 0, b'0', b'0', b'0', NULL, '2013-09-16 00:00:00', 0, 3, 1063),
(164, 0, 4, '2014-09-16 00:00:00', 0, b'0', b'0', b'0', NULL, '2013-09-16 00:00:00', 1, 3, 1064),
(165, 0, 4, '2014-09-16 00:00:00', 0, b'0', b'0', b'0', NULL, '2013-09-16 00:00:00', 1, 3, 1065),
(166, 0, 4, '2014-09-16 00:00:00', 0, b'0', b'0', b'0', NULL, '2013-09-16 00:00:00', 0, 3, 1066),
(167, 0, 4, '2014-09-16 00:00:00', 0, b'0', b'0', b'0', NULL, '2013-09-16 00:00:00', 1, 3, 1067),
(168, 0, 4, '2014-09-16 00:00:00', 0, b'0', b'0', b'0', NULL, '2013-09-16 00:00:00', 0, 3, 1069),
(169, 0, 4, '2014-09-16 00:00:00', 0, b'0', b'0', b'0', NULL, '2013-09-16 00:00:00', 0, 3, 1070),
(170, 0, 4, '2014-09-16 00:00:00', 0, b'0', b'0', b'0', NULL, '2013-09-16 00:00:00', 0, 3, 1071),
(171, 0, 4, '2014-09-16 00:00:00', 0, b'0', b'0', b'0', NULL, '2013-09-16 00:00:00', 1, 3, 1075),
(172, 0, 4, '2014-09-16 00:00:00', 0, b'0', b'0', b'0', NULL, '2013-09-16 00:00:00', 1, 3, 1078),
(173, 0, 4, '2014-09-16 00:00:00', 0, b'0', b'0', b'0', NULL, '2013-09-16 00:00:00', 1, 3, 1081),
(174, 0, 4, '2014-09-16 00:00:00', 0, b'0', b'0', b'0', NULL, '2013-09-16 00:00:00', 0, 3, 1082),
(175, 0, 4, '2014-09-16 00:00:00', 0, b'0', b'0', b'0', NULL, '2013-09-16 00:00:00', 0, 3, 1083),
(176, 0, 4, '2014-09-16 00:00:00', 0, b'0', b'0', b'0', NULL, '2013-09-16 00:00:00', 1, 3, 1107),
(177, 0, 4, '2014-09-16 00:00:00', 0, b'0', b'0', b'0', NULL, '2013-09-16 00:00:00', 1, 3, 1111),
(178, 0, 4, '2014-09-16 00:00:00', 0, b'0', b'0', b'0', NULL, '2013-09-16 00:00:00', 1, 3, 1112),
(179, 0, 4, '2014-09-16 00:00:00', 0, b'0', b'0', b'0', NULL, '2013-09-16 00:00:00', 1, 3, 1113),
(180, 0, 4, '2014-09-16 00:00:00', 0, b'0', b'0', b'0', NULL, '2013-09-16 00:00:00', 0, 3, 1118),
(181, 0, 4, '2014-09-16 00:00:00', 0, b'0', b'0', b'0', NULL, '2013-09-16 00:00:00', 2, 3, 1123),
(182, 0, 4, '2014-09-16 00:00:00', 0, b'0', b'0', b'0', NULL, '2013-09-16 00:00:00', 1, 3, 1126),
(183, 0, 4, '2014-09-16 00:00:00', 0, b'0', b'0', b'0', NULL, '2013-09-16 00:00:00', 1, 3, 1127),
(184, 0, 4, '2014-09-16 00:00:00', 0, b'0', b'0', b'0', NULL, '2013-09-16 00:00:00', 1, 3, 1130),
(185, 0, 4, '2014-09-16 00:00:00', 0, b'0', b'0', b'0', NULL, '2013-09-16 00:00:00', 0, 3, 1131),
(186, 39, 4, '2014-09-16 00:00:00', 0, b'0', b'0', b'0', NULL, '2013-09-16 00:00:00', 0, 3, 1132),
(187, 52, 4, '2014-09-16 00:00:00', 0, b'0', b'0', b'0', NULL, '2013-09-16 00:00:00', 0, 3, 1133),
(188, 0, 4, '2014-09-16 00:00:00', 0, b'0', b'0', b'0', NULL, '2013-09-16 00:00:00', 0, 3, 1134),
(189, 0, 4, '2014-09-16 00:00:00', 0, b'0', b'0', b'0', NULL, '2013-09-16 00:00:00', 1, 3, 1141),
(190, 0, 4, '2014-09-16 00:00:00', 0, b'0', b'0', b'0', NULL, '2013-09-16 00:00:00', 2, 3, 1150),
(191, 0, 4, '2014-09-16 00:00:00', 0, b'0', b'0', b'0', NULL, '2013-09-16 00:00:00', 2, 3, 1155),
(192, 26, 2, '2014-09-16 00:00:00', 0, b'0', b'0', b'0', NULL, '2013-09-16 00:00:00', 0, 0, 1157),
(193, 0, 4, '2014-09-16 00:00:00', 0, b'0', b'0', b'0', NULL, '2013-09-16 00:00:00', 1, 3, 1158),
(194, 26, 2, '2014-09-16 00:00:00', 0, b'0', b'0', b'0', NULL, '2013-09-16 00:00:00', 0, 0, 1164),
(195, 26, 2, '2014-09-16 00:00:00', 0, b'0', b'0', b'0', NULL, '2013-09-16 00:00:00', 0, 0, 1165),
(196, 0, 4, '2014-09-16 00:00:00', 0, b'0', b'0', b'0', NULL, '2013-09-16 00:00:00', 0, 3, 1171),
(197, 0, 4, '2014-09-16 00:00:00', 0, b'0', b'0', b'0', NULL, '2013-09-16 00:00:00', 0, 3, 1196),
(198, 0, 4, '2014-09-16 00:00:00', 0, b'0', b'0', b'0', NULL, '2013-09-16 00:00:00', 2, 3, 1210),
(199, 0, 4, '2014-09-16 00:00:00', 0, b'0', b'0', b'0', NULL, '2013-09-16 00:00:00', 2, 3, 1212),
(200, 0, 4, '2014-09-16 00:00:00', 0, b'0', b'0', b'0', NULL, '2013-09-16 00:00:00', 2, 3, 1215),
(201, 0, 4, '2014-09-16 00:00:00', 0, b'0', b'0', b'0', NULL, '2013-09-16 00:00:00', 1, 3, 1216),
(202, 0, 4, '2014-09-16 00:00:00', 0, b'0', b'0', b'0', NULL, '2013-09-16 00:00:00', 1, 3, 1217),
(203, 0, 4, '2014-09-16 00:00:00', 0, b'0', b'0', b'0', NULL, '2013-09-16 00:00:00', 1, 3, 1221),
(204, 0, 4, '2014-09-16 00:00:00', 0, b'0', b'0', b'0', NULL, '2013-09-16 00:00:00', 1, 3, 1222),
(205, 0, 4, '2014-09-16 00:00:00', 0, b'0', b'0', b'0', NULL, '2013-09-16 00:00:00', 2, 3, 1224),
(206, 0, 4, '2014-09-16 00:00:00', 0, b'0', b'0', b'0', NULL, '2013-09-16 00:00:00', 0, 3, 1225),
(207, 0, 4, '2014-09-16 00:00:00', 0, b'0', b'0', b'0', NULL, '2013-09-16 00:00:00', 5, 3, 1226),
(208, 0, 4, '2014-09-16 00:00:00', 0, b'0', b'0', b'0', NULL, '2013-09-16 00:00:00', 0, 3, 1227),
(209, 0, 4, '2014-09-16 00:00:00', 0, b'0', b'0', b'0', NULL, '2013-09-16 00:00:00', 0, 3, 1228),
(210, 0, 4, '2014-09-16 00:00:00', 0, b'0', b'0', b'0', NULL, '2013-09-16 00:00:00', 0, 3, 1229),
(211, 0, 4, '2014-09-16 00:00:00', 0, b'0', b'0', b'0', NULL, '2013-09-16 00:00:00', 2, 3, 1230),
(212, 0, 4, '2014-09-16 00:00:00', 0, b'0', b'0', b'0', NULL, '2013-09-16 00:00:00', 2, 3, 1231),
(213, 0, 4, '2014-09-16 00:00:00', 0, b'0', b'0', b'0', NULL, '2013-09-16 00:00:00', 2, 3, 1232),
(214, 0, 4, '2014-09-16 00:00:00', 0, b'0', b'0', b'0', NULL, '2013-09-16 00:00:00', 1, 3, 1233),
(215, 0, 4, '2014-09-16 00:00:00', 0, b'0', b'0', b'0', NULL, '2013-09-16 00:00:00', 2, 3, 1234),
(216, 0, 4, '2014-09-16 00:00:00', 0, b'0', b'0', b'0', NULL, '2013-09-16 00:00:00', 2, 3, 1235),
(217, 0, 4, '2014-09-16 00:00:00', 0, b'0', b'0', b'0', NULL, '2013-09-16 00:00:00', 2, 3, 1236),
(218, 0, 4, '2014-09-16 00:00:00', 0, b'0', b'0', b'0', NULL, '2013-09-16 00:00:00', 2, 3, 1242),
(219, 0, 4, '2014-09-16 00:00:00', 0, b'0', b'0', b'0', NULL, '2013-09-16 00:00:00', 2, 3, 1245),
(220, 0, 4, '2014-09-16 00:00:00', 0, b'0', b'0', b'0', NULL, '2013-09-16 00:00:00', 0, 3, 1250),
(221, 0, 4, '2014-09-16 00:00:00', 0, b'0', b'0', b'0', NULL, '2013-09-16 00:00:00', 2, 3, 1251),
(222, 0, 4, '2014-09-16 00:00:00', 0, b'0', b'0', b'0', NULL, '2013-09-16 00:00:00', 0, 3, 1252),
(223, 0, 4, '2014-09-16 00:00:00', 0, b'0', b'0', b'0', NULL, '2013-09-16 00:00:00', 2, 3, 1258),
(224, 0, 4, '2014-09-16 00:00:00', 0, b'0', b'0', b'0', NULL, '2013-09-16 00:00:00', 2, 3, 1259),
(225, 0, 4, '2014-09-16 00:00:00', 0, b'0', b'0', b'0', NULL, '2013-09-16 00:00:00', 2, 3, 1262),
(226, 0, 4, '2014-09-16 00:00:00', 0, b'0', b'0', b'0', NULL, '2013-09-16 00:00:00', 8, 3, 1265),
(227, 0, 4, '2014-09-16 00:00:00', 0, b'0', b'0', b'0', NULL, '2013-09-16 00:00:00', 2, 3, 1266),
(228, 0, 4, '2014-09-16 00:00:00', 0, b'0', b'0', b'0', NULL, '2013-09-16 00:00:00', 0, 3, 1274),
(229, 0, 4, '2014-09-16 00:00:00', 0, b'0', b'0', b'0', NULL, '2013-09-16 00:00:00', 0, 3, 1275),
(230, 0, 4, '2014-09-16 00:00:00', 0, b'0', b'0', b'0', NULL, '2013-09-16 00:00:00', 0, 3, 1288),
(231, 0, 4, '2014-09-16 00:00:00', 0, b'0', b'0', b'0', NULL, '2013-09-16 00:00:00', 0, 3, 1289),
(232, 0, 4, '2014-09-16 00:00:00', 0, b'0', b'0', b'0', NULL, '2013-09-16 00:00:00', 7, 3, 1319),
(233, 0, 4, '2014-09-16 00:00:00', 0, b'0', b'0', b'0', NULL, '2013-09-16 00:00:00', 1, 3, 1322),
(234, 0, 4, '2014-09-16 00:00:00', 0, b'0', b'0', b'0', NULL, '2013-09-16 00:00:00', 1, 3, 1323),
(235, 0, 4, '2014-09-16 00:00:00', 0, b'0', b'0', b'0', NULL, '2013-09-16 00:00:00', 1, 3, 1336),
(236, 0, 4, '2014-09-16 00:00:00', 0, b'0', b'0', b'0', NULL, '2013-09-16 00:00:00', 0, 3, 1339),
(237, 0, 4, '2014-09-16 00:00:00', 0, b'0', b'0', b'0', NULL, '2013-09-16 00:00:00', 0, 3, 1340),
(238, 0, 4, '2014-09-16 00:00:00', 0, b'0', b'0', b'0', NULL, '2013-09-16 00:00:00', 1, 3, 1343),
(239, 13, 2, '2014-09-16 00:00:00', 0, b'0', b'0', b'0', NULL, '2013-09-16 00:00:00', 1, 1, 1344),
(240, 0, 4, '2014-09-16 00:00:00', 0, b'0', b'0', b'0', NULL, '2013-09-16 00:00:00', 1, 3, 1345),
(241, 0, 4, '2014-09-16 00:00:00', 0, b'0', b'0', b'0', NULL, '2013-09-16 00:00:00', 0, 3, 1346),
(242, 0, 4, '2014-09-16 00:00:00', 0, b'0', b'0', b'0', NULL, '2013-09-16 00:00:00', 1, 3, 1347),
(243, 0, 4, '2014-09-16 00:00:00', 0, b'0', b'0', b'0', NULL, '2013-09-16 00:00:00', 1, 3, 1357),
(244, 0, 4, '2014-09-16 00:00:00', 0, b'0', b'0', b'0', NULL, '2013-09-16 00:00:00', 0, 3, 1361),
(245, 0, 4, '2014-09-16 00:00:00', 0, b'0', b'0', b'0', NULL, '2013-09-16 00:00:00', 0, 3, 1363),
(246, 0, 4, '2014-09-16 00:00:00', 0, b'0', b'0', b'0', NULL, '2013-09-16 00:00:00', 0, 3, 1365),
(247, 0, 4, '2014-09-16 00:00:00', 0, b'0', b'0', b'0', NULL, '2013-09-16 00:00:00', 1, 3, 1370),
(248, 0, 4, '2014-09-16 00:00:00', 0, b'0', b'0', b'0', NULL, '2013-09-16 00:00:00', 2, 3, 1373),
(249, 0, 4, '2014-09-16 00:00:00', 0, b'0', b'0', b'0', NULL, '2013-09-16 00:00:00', 0, 3, 1386),
(250, 0, 4, '2014-09-16 00:00:00', 0, b'0', b'0', b'0', NULL, '2013-09-16 00:00:00', 2, 3, 1387),
(251, 0, 4, '2014-09-16 00:00:00', 0, b'0', b'0', b'0', NULL, '2013-09-16 00:00:00', 2, 3, 1390),
(252, 0, 4, '2014-09-16 00:00:00', 0, b'0', b'0', b'0', NULL, '2013-09-16 00:00:00', 2, 3, 1391),
(253, 52, 2, '2014-09-16 00:00:00', 0, b'0', b'0', b'0', NULL, '2013-09-16 00:00:00', 2, 1, 1392),
(254, 0, 4, '2014-09-16 00:00:00', 0, b'0', b'0', b'0', NULL, '2013-09-16 00:00:00', 0, 3, 1396),
(255, 0, 4, '2014-09-16 00:00:00', 0, b'0', b'0', b'0', NULL, '2013-09-16 00:00:00', 0, 3, 1397),
(256, 0, 4, '2014-09-16 00:00:00', 0, b'0', b'0', b'0', NULL, '2013-09-16 00:00:00', 1, 3, 1411),
(257, 0, 4, '2014-09-16 00:00:00', 0, b'0', b'0', b'0', NULL, '2013-09-16 00:00:00', 0, 3, 1412),
(258, 0, 4, '2014-09-16 00:00:00', 0, b'0', b'0', b'0', NULL, '2013-09-16 00:00:00', 1, 3, 1413),
(259, 0, 4, '2014-09-16 00:00:00', 0, b'0', b'0', b'0', NULL, '2013-09-16 00:00:00', 1, 3, 1414),
(260, 0, 4, '2014-09-16 00:00:00', 0, b'0', b'0', b'0', NULL, '2013-09-16 00:00:00', 1, 3, 1415),
(261, 0, 4, '2014-09-16 00:00:00', 0, b'0', b'0', b'0', NULL, '2013-09-16 00:00:00', 0, 3, 1416),
(262, 750, 0, '2014-09-16 00:00:00', 0, b'0', b'0', b'0', NULL, '2013-09-16 00:00:00', 2, 2, 1418),
(263, 0, 4, '2014-09-16 00:00:00', 0, b'0', b'0', b'0', NULL, '2013-09-16 00:00:00', 2, 3, 1419),
(264, 0, 4, '2014-09-16 00:00:00', 0, b'0', b'0', b'0', NULL, '2013-09-16 00:00:00', 0, 3, 1433),
(265, 0, 4, '2014-09-16 00:00:00', 0, b'0', b'0', b'0', NULL, '2013-09-16 00:00:00', 0, 3, 1437),
(266, 0, 4, '2014-09-16 00:00:00', 0, b'0', b'0', b'0', NULL, '2013-09-16 00:00:00', 0, 3, 1438),
(267, 0, 4, '2014-09-16 00:00:00', 0, b'0', b'0', b'0', NULL, '2013-09-16 00:00:00', 1, 3, 1441),
(268, 0, 4, '2014-09-16 00:00:00', 0, b'0', b'0', b'0', NULL, '2013-09-16 00:00:00', 2, 3, 1455),
(269, 0, 4, '2014-09-16 00:00:00', 0, b'0', b'0', b'0', NULL, '2013-09-16 00:00:00', 1, 3, 1459),
(270, 0, 4, '2014-09-16 00:00:00', 0, b'0', b'0', b'0', NULL, '2013-09-16 00:00:00', 0, 3, 1463),
(271, 0, 4, '2014-09-16 00:00:00', 0, b'0', b'0', b'0', NULL, '2013-09-16 00:00:00', 2, 3, 1467),
(272, 0, 4, '2014-09-16 00:00:00', 0, b'0', b'0', b'0', NULL, '2013-09-16 00:00:00', 1, 3, 1483),
(273, 0, 4, '2014-09-16 00:00:00', 0, b'0', b'0', b'0', NULL, '2013-09-16 00:00:00', 1, 3, 1486),
(274, 0, 4, '2014-09-16 00:00:00', 0, b'0', b'0', b'0', NULL, '2013-09-16 00:00:00', 1, 3, 1487),
(275, 0, 4, '2014-09-16 00:00:00', 0, b'0', b'0', b'0', NULL, '2013-09-16 00:00:00', 0, 3, 1488),
(276, 0, 4, '2014-09-16 00:00:00', 0, b'0', b'0', b'0', NULL, '2013-09-16 00:00:00', 1, 3, 1497),
(277, 0, 4, '2014-09-16 00:00:00', 0, b'0', b'0', b'0', NULL, '2013-09-16 00:00:00', 1, 3, 1498),
(278, 0, 4, '2014-09-16 00:00:00', 0, b'0', b'0', b'0', NULL, '2013-09-16 00:00:00', 1, 3, 1499),
(279, 0, 4, '2014-09-16 00:00:00', 0, b'0', b'0', b'0', NULL, '2013-09-16 00:00:00', 1, 3, 1502),
(280, 0, 4, '2014-09-16 00:00:00', 0, b'0', b'0', b'0', NULL, '2013-09-16 00:00:00', 0, 3, 1503),
(281, 0, 4, '2014-09-16 00:00:00', 0, b'0', b'0', b'0', NULL, '2013-09-16 00:00:00', 0, 3, 1504),
(282, 0, 4, '2014-09-16 00:00:00', 0, b'0', b'0', b'0', NULL, '2013-09-16 00:00:00', 1, 3, 1505),
(283, 0, 4, '2014-09-16 00:00:00', 0, b'0', b'0', b'0', NULL, '2013-09-16 00:00:00', 1, 3, 1511),
(284, 0, 4, '2014-09-16 00:00:00', 0, b'0', b'0', b'0', NULL, '2013-09-16 00:00:00', 0, 3, 1513),
(285, 0, 4, '2014-09-16 00:00:00', 0, b'0', b'0', b'0', NULL, '2013-09-16 00:00:00', 0, 3, 1518),
(286, 26, 2, '2014-09-16 00:00:00', 0, b'0', b'0', b'0', NULL, '2013-09-16 00:00:00', 1, 0, 1519),
(287, 0, 4, '2014-09-16 00:00:00', 0, b'0', b'0', b'0', NULL, '2013-09-16 00:00:00', 0, 3, 1520),
(288, 0, 4, '2014-09-16 00:00:00', 0, b'0', b'0', b'0', NULL, '2013-09-16 00:00:00', 0, 3, 1523),
(289, 0, 4, '2014-09-16 00:00:00', 0, b'0', b'0', b'0', NULL, '2013-09-16 00:00:00', 1, 3, 1524),
(290, 0, 4, '2014-09-16 00:00:00', 0, b'0', b'0', b'0', NULL, '2013-09-16 00:00:00', 1, 3, 1525),
(291, 0, 4, '2014-09-16 00:00:00', 0, b'0', b'0', b'0', NULL, '2013-09-16 00:00:00', 0, 3, 1526),
(292, 0, 4, '2014-09-16 00:00:00', 0, b'0', b'0', b'0', NULL, '2013-09-16 00:00:00', 0, 3, 1527),
(293, 0, 4, '2014-09-16 00:00:00', 0, b'0', b'0', b'0', NULL, '2013-09-16 00:00:00', 0, 3, 1528),
(294, 0, 4, '2014-09-16 00:00:00', 0, b'0', b'0', b'0', NULL, '2013-09-16 00:00:00', 1, 3, 1529),
(295, 0, 4, '2014-09-16 00:00:00', 0, b'0', b'0', b'0', NULL, '2013-09-16 00:00:00', 1, 3, 1530),
(296, 0, 4, '2014-09-16 00:00:00', 0, b'0', b'0', b'0', NULL, '2013-09-16 00:00:00', 0, 3, 1531),
(297, 0, 4, '2014-09-16 00:00:00', 0, b'0', b'0', b'0', NULL, '2013-09-16 00:00:00', 2, 3, 1532),
(298, 0, 4, '2014-09-16 00:00:00', 0, b'0', b'0', b'0', NULL, '2013-09-16 00:00:00', 1, 3, 1535),
(299, 0, 4, '2014-09-16 00:00:00', 0, b'0', b'0', b'0', NULL, '2013-09-16 00:00:00', 1, 3, 1539),
(300, 0, 4, '2014-09-16 00:00:00', 0, b'0', b'0', b'0', NULL, '2013-09-16 00:00:00', 0, 3, 1540),
(301, 0, 4, '2014-09-16 00:00:00', 0, b'0', b'0', b'0', NULL, '2013-09-16 00:00:00', 1, 3, 1545),
(302, 0, 4, '2014-09-16 00:00:00', 0, b'0', b'0', b'0', NULL, '2013-09-16 00:00:00', 1, 3, 1546),
(303, 0, 4, '2014-09-16 00:00:00', 0, b'0', b'0', b'0', NULL, '2013-09-16 00:00:00', 2, 3, 1547),
(304, 0, 4, '2014-09-16 00:00:00', 0, b'0', b'0', b'0', NULL, '2013-09-16 00:00:00', 0, 3, 1548),
(305, 0, 4, '2014-09-16 00:00:00', 0, b'0', b'0', b'0', NULL, '2013-09-16 00:00:00', 0, 3, 1549),
(306, 0, 4, '2014-09-16 00:00:00', 0, b'0', b'0', b'0', NULL, '2013-09-16 00:00:00', 0, 3, 1552),
(307, 0, 4, '2014-09-16 00:00:00', 0, b'0', b'0', b'0', NULL, '2013-09-16 00:00:00', 1, 3, 1553),
(308, 0, 4, '2014-09-16 00:00:00', 0, b'0', b'0', b'0', NULL, '2013-09-16 00:00:00', 0, 3, 1554),
(309, 0, 4, '2014-09-16 00:00:00', 0, b'0', b'0', b'0', NULL, '2013-09-16 00:00:00', 1, 3, 1557),
(310, 0, 4, '2014-09-16 00:00:00', 0, b'0', b'0', b'0', NULL, '2013-09-16 00:00:00', 0, 3, 1558),
(311, 0, 4, '2014-09-16 00:00:00', 0, b'0', b'0', b'0', NULL, '2013-09-16 00:00:00', 7, 3, 1559),
(312, 0, 4, '2014-09-16 00:00:00', 0, b'0', b'0', b'0', NULL, '2013-09-16 00:00:00', 0, 3, 1563),
(313, 0, 4, '2014-09-16 00:00:00', 0, b'0', b'0', b'0', NULL, '2013-09-16 00:00:00', 0, 3, 1564),
(314, 0, 4, '2014-09-16 00:00:00', 0, b'0', b'0', b'0', NULL, '2013-09-16 00:00:00', 1, 3, 1565),
(315, 0, 4, '2014-09-16 00:00:00', 0, b'0', b'0', b'0', NULL, '2013-09-16 00:00:00', 0, 3, 1566),
(316, 0, 4, '2014-09-16 00:00:00', 0, b'0', b'0', b'0', NULL, '2013-09-16 00:00:00', 2, 3, 1567),
(317, 0, 4, '2014-09-16 00:00:00', 0, b'0', b'0', b'0', NULL, '2013-09-16 00:00:00', 0, 3, 1568),
(318, 0, 4, '2014-09-16 00:00:00', 0, b'0', b'0', b'0', NULL, '2013-09-16 00:00:00', 0, 3, 1570),
(319, 0, 4, '2014-09-16 00:00:00', 0, b'0', b'0', b'0', NULL, '2013-09-16 00:00:00', 1, 3, 1572),
(320, 0, 4, '2014-09-16 00:00:00', 0, b'0', b'0', b'0', NULL, '2013-09-16 00:00:00', 1, 3, 1573),
(321, 0, 4, '2014-09-16 00:00:00', 0, b'0', b'0', b'0', NULL, '2013-09-16 00:00:00', 1, 3, 1574),
(322, 0, 4, '2014-09-16 00:00:00', 0, b'0', b'0', b'0', NULL, '2013-09-16 00:00:00', 1, 3, 1575),
(323, 0, 4, '2014-09-16 00:00:00', 0, b'0', b'0', b'0', NULL, '2013-09-16 00:00:00', 1, 3, 1576),
(324, 0, 4, '2014-09-16 00:00:00', 0, b'0', b'0', b'0', NULL, '2013-09-16 00:00:00', 0, 3, 1585),
(325, 0, 4, '2014-09-16 00:00:00', 0, b'0', b'0', b'0', NULL, '2013-09-16 00:00:00', 1, 3, 1586),
(326, 0, 4, '2014-09-16 00:00:00', 0, b'0', b'0', b'0', NULL, '2013-09-16 00:00:00', 0, 3, 1587),
(327, 0, 4, '2014-09-16 00:00:00', 0, b'0', b'0', b'0', NULL, '2013-09-16 00:00:00', 0, 3, 1589),
(328, 0, 4, '2014-09-16 00:00:00', 0, b'0', b'0', b'0', NULL, '2013-09-16 00:00:00', 0, 3, 1590),
(329, 0, 4, '2014-09-16 00:00:00', 0, b'0', b'0', b'0', NULL, '2013-09-16 00:00:00', 5, 3, 1593),
(330, 0, 4, '2014-09-16 00:00:00', 0, b'0', b'0', b'0', NULL, '2013-09-16 00:00:00', 2, 3, 1594),
(331, 0, 4, '2014-09-16 00:00:00', 0, b'0', b'0', b'0', NULL, '2013-09-16 00:00:00', 2, 3, 1595),
(332, 0, 4, '2014-09-16 00:00:00', 0, b'0', b'0', b'0', NULL, '2013-09-16 00:00:00', 1, 3, 1596),
(333, 0, 4, '2014-09-16 00:00:00', 0, b'0', b'0', b'0', NULL, '2013-09-16 00:00:00', 0, 3, 1600),
(334, 0, 4, '2014-09-16 00:00:00', 0, b'0', b'0', b'0', NULL, '2013-09-16 00:00:00', 1, 3, 1601),
(335, 0, 4, '2014-09-16 00:00:00', 0, b'0', b'0', b'0', NULL, '2013-09-16 00:00:00', 1, 3, 1602),
(336, 0, 4, '2014-09-16 00:00:00', 0, b'0', b'0', b'0', NULL, '2013-09-16 00:00:00', 1, 3, 1603),
(337, 0, 4, '2014-09-16 00:00:00', 0, b'0', b'0', b'0', NULL, '2013-09-16 00:00:00', 1, 3, 1604),
(338, 0, 4, '2014-09-16 00:00:00', 0, b'0', b'0', b'0', NULL, '2013-09-16 00:00:00', 0, 3, 1605),
(339, 0, 4, '2014-09-16 00:00:00', 0, b'0', b'0', b'0', NULL, '2013-09-16 00:00:00', 0, 3, 1606),
(340, 0, 4, '2014-09-16 00:00:00', 0, b'0', b'0', b'0', NULL, '2013-09-16 00:00:00', 0, 3, 1607),
(341, 0, 4, '2014-09-16 00:00:00', 0, b'0', b'0', b'0', NULL, '2013-09-16 00:00:00', 0, 3, 1609),
(342, 0, 4, '2014-09-16 00:00:00', 0, b'0', b'0', b'0', NULL, '2013-09-16 00:00:00', 0, 3, 1610),
(343, 0, 4, '2014-09-16 00:00:00', 0, b'0', b'0', b'0', NULL, '2013-09-16 00:00:00', 0, 3, 1612),
(344, 0, 4, '2014-09-16 00:00:00', 0, b'0', b'0', b'0', NULL, '2013-09-16 00:00:00', 0, 3, 1613),
(345, 0, 4, '2014-09-16 00:00:00', 0, b'0', b'0', b'0', NULL, '2013-09-16 00:00:00', 0, 3, 1615),
(346, 0, 4, '2014-09-16 00:00:00', 0, b'0', b'0', b'0', NULL, '2013-09-16 00:00:00', 0, 3, 1616),
(347, 0, 4, '2014-09-16 00:00:00', 0, b'0', b'0', b'0', NULL, '2013-09-16 00:00:00', 1, 3, 1617),
(348, 0, 4, '2014-09-16 00:00:00', 0, b'0', b'0', b'0', NULL, '2013-09-16 00:00:00', 1, 3, 1618),
(349, 13, 2, '2014-09-16 00:00:00', 0, b'0', b'0', b'0', NULL, '2013-09-16 00:00:00', 1, 0, 1619),
(350, 0, 4, '2014-09-16 00:00:00', 0, b'0', b'0', b'0', NULL, '2013-09-16 00:00:00', 0, 3, 1620),
(351, 0, 4, '2014-09-16 00:00:00', 0, b'0', b'0', b'0', NULL, '2013-09-16 00:00:00', 1, 3, 1621),
(352, 0, 4, '2014-09-16 00:00:00', 0, b'0', b'0', b'0', NULL, '2013-09-16 00:00:00', 1, 3, 1622),
(353, 0, 4, '2014-09-16 00:00:00', 0, b'0', b'0', b'0', NULL, '2013-09-16 00:00:00', 1, 3, 1623),
(354, 0, 4, '2014-09-16 00:00:00', 0, b'0', b'0', b'0', NULL, '2013-09-16 00:00:00', 1, 3, 1624),
(355, 0, 4, '2014-09-16 00:00:00', 0, b'0', b'0', b'0', NULL, '2013-09-16 00:00:00', 2, 3, 1625),
(356, 0, 4, '2014-09-16 00:00:00', 0, b'0', b'0', b'0', NULL, '2013-09-16 00:00:00', 2, 3, 1627),
(357, 0, 4, '2014-09-16 00:00:00', 0, b'0', b'0', b'0', NULL, '2013-09-16 00:00:00', 1, 3, 1628),
(358, 0, 4, '2014-09-16 00:00:00', 0, b'0', b'0', b'0', NULL, '2013-09-16 00:00:00', 0, 3, 1629),
(359, 0, 4, '2014-09-16 00:00:00', 0, b'0', b'0', b'0', NULL, '2013-09-16 00:00:00', 0, 3, 1630),
(360, 0, 4, '2014-09-16 00:00:00', 0, b'0', b'0', b'0', NULL, '2013-09-16 00:00:00', 0, 3, 1631),
(361, 0, 4, '2014-09-16 00:00:00', 0, b'0', b'0', b'0', NULL, '2013-09-16 00:00:00', 0, 3, 1634),
(362, 0, 4, '2014-09-16 00:00:00', 0, b'0', b'0', b'0', NULL, '2013-09-16 00:00:00', 1, 3, 1636),
(363, 0, 4, '2014-09-16 00:00:00', 0, b'0', b'0', b'0', NULL, '2013-09-16 00:00:00', 0, 3, 1637),
(364, 0, 4, '2014-09-16 00:00:00', 0, b'0', b'0', b'0', NULL, '2013-09-16 00:00:00', 0, 3, 1638),
(365, 0, 4, '2014-09-16 00:00:00', 0, b'0', b'0', b'0', NULL, '2013-09-16 00:00:00', 2, 3, 1639),
(366, 0, 4, '2014-09-16 00:00:00', 0, b'0', b'0', b'0', NULL, '2013-09-16 00:00:00', 1, 3, 1640),
(367, 0, 4, '2014-09-16 00:00:00', 0, b'0', b'0', b'0', NULL, '2013-09-16 00:00:00', 0, 3, 1641),
(368, 0, 4, '2014-09-16 00:00:00', 0, b'0', b'0', b'0', NULL, '2013-09-16 00:00:00', 0, 3, 1642),
(369, 0, 4, '2014-09-16 00:00:00', 0, b'0', b'0', b'0', NULL, '2013-09-16 00:00:00', 1, 3, 1643),
(370, 0, 4, '2014-09-16 00:00:00', 0, b'0', b'0', b'0', NULL, '2013-09-16 00:00:00', 1, 3, 1650),
(371, 0, 4, '2014-09-16 00:00:00', 0, b'0', b'0', b'0', NULL, '2013-09-16 00:00:00', 1, 3, 1676),
(372, 0, 4, '2014-09-16 00:00:00', 0, b'0', b'0', b'0', NULL, '2013-09-16 00:00:00', 2, 3, 1677),
(373, 0, 4, '2014-09-16 00:00:00', 0, b'0', b'0', b'0', NULL, '2013-09-16 00:00:00', 2, 3, 1678),
(374, 0, 4, '2014-09-16 00:00:00', 0, b'0', b'0', b'0', NULL, '2013-09-16 00:00:00', 0, 3, 1679),
(375, 0, 4, '2014-09-16 00:00:00', 0, b'0', b'0', b'0', NULL, '2013-09-16 00:00:00', 0, 3, 1680),
(376, 0, 4, '2014-09-16 00:00:00', 0, b'0', b'0', b'0', NULL, '2013-09-16 00:00:00', 0, 3, 1682),
(377, 0, 4, '2014-09-16 00:00:00', 0, b'0', b'0', b'0', NULL, '2013-09-16 00:00:00', 1, 3, 1683),
(378, 0, 4, '2014-09-16 00:00:00', 0, b'0', b'0', b'0', NULL, '2013-09-16 00:00:00', 1, 3, 1685),
(379, 0, 4, '2014-09-16 00:00:00', 0, b'0', b'0', b'0', NULL, '2013-09-16 00:00:00', 1, 3, 1702),
(380, 0, 4, '2014-09-16 00:00:00', 0, b'0', b'0', b'0', NULL, '2013-09-16 00:00:00', 0, 3, 1716),
(381, 0, 4, '2014-09-16 00:00:00', 0, b'0', b'0', b'0', NULL, '2013-09-16 00:00:00', 1, 3, 1720),
(382, 0, 4, '2014-09-16 00:00:00', 0, b'0', b'0', b'0', NULL, '2013-09-16 00:00:00', 1, 3, 1722),
(383, 0, 4, '2014-09-16 00:00:00', 0, b'0', b'0', b'0', NULL, '2013-09-16 00:00:00', 1, 3, 1723),
(384, 0, 4, '2014-09-16 00:00:00', 0, b'0', b'0', b'0', NULL, '2013-09-16 00:00:00', 1, 3, 1725),
(385, 0, 4, '2014-09-16 00:00:00', 0, b'0', b'0', b'0', NULL, '2013-09-16 00:00:00', 1, 3, 1726),
(386, 18, 2, '2014-09-16 00:00:00', 0, b'0', b'0', b'0', NULL, '2013-09-16 00:00:00', 0, 0, 1727),
(387, 0, 4, '2014-09-16 00:00:00', 0, b'0', b'0', b'0', NULL, '2013-09-16 00:00:00', 1, 3, 1728),
(388, 0, 4, '2014-09-16 00:00:00', 0, b'0', b'0', b'0', NULL, '2013-09-16 00:00:00', 1, 3, 1729),
(389, 0, 4, '2014-09-16 00:00:00', 0, b'0', b'0', b'0', NULL, '2013-09-16 00:00:00', 0, 3, 1730),
(390, 0, 4, '2014-09-16 00:00:00', 0, b'0', b'0', b'0', NULL, '2013-09-16 00:00:00', 2, 3, 1733),
(391, 0, 4, '2014-09-16 00:00:00', 0, b'0', b'0', b'0', NULL, '2013-09-16 00:00:00', 1, 3, 1734),
(392, 0, 4, '2014-09-16 00:00:00', 0, b'0', b'0', b'0', NULL, '2013-09-16 00:00:00', 1, 3, 1736),
(393, 0, 4, '2014-09-16 00:00:00', 0, b'0', b'0', b'0', NULL, '2013-09-16 00:00:00', 2, 3, 1737),
(394, 0, 4, '2014-09-16 00:00:00', 0, b'0', b'0', b'0', NULL, '2013-09-16 00:00:00', 2, 3, 1739),
(395, 26, 2, '2014-09-16 00:00:00', 0, b'0', b'0', b'0', NULL, '2013-09-16 00:00:00', 0, 0, 1744),
(396, 0, 4, '2014-09-16 00:00:00', 0, b'0', b'0', b'0', NULL, '2013-09-16 00:00:00', 0, 3, 1745),
(397, 0, 4, '2014-09-16 00:00:00', 0, b'0', b'0', b'0', NULL, '2013-09-16 00:00:00', 6, 3, 1746),
(398, 0, 4, '2014-09-16 00:00:00', 0, b'0', b'0', b'0', NULL, '2013-09-16 00:00:00', 1, 3, 1747),
(399, 0, 4, '2014-09-16 00:00:00', 0, b'0', b'0', b'0', NULL, '2013-09-16 00:00:00', 0, 3, 1748),
(400, 0, 4, '2014-09-16 00:00:00', 0, b'0', b'0', b'0', NULL, '2013-09-16 00:00:00', 3, 3, 1749),
(401, 0, 4, '2014-09-16 00:00:00', 0, b'0', b'0', b'0', NULL, '2013-09-16 00:00:00', 3, 3, 1750),
(402, 0, 4, '2014-09-16 00:00:00', 0, b'0', b'0', b'0', NULL, '2013-09-16 00:00:00', 3, 3, 1751),
(403, 0, 4, '2014-09-16 00:00:00', 0, b'0', b'0', b'0', NULL, '2013-09-16 00:00:00', 7, 3, 1752),
(404, 0, 4, '2014-09-16 00:00:00', 0, b'0', b'0', b'0', NULL, '2013-09-16 00:00:00', 6, 3, 1753),
(405, 0, 4, '2014-09-16 00:00:00', 0, b'0', b'0', b'0', NULL, '2013-09-16 00:00:00', 6, 3, 1754),
(406, 0, 4, '2014-09-16 00:00:00', 0, b'0', b'0', b'0', NULL, '2013-09-16 00:00:00', 0, 3, 1755),
(407, 0, 4, '2014-09-16 00:00:00', 0, b'0', b'0', b'0', NULL, '2013-09-16 00:00:00', 2, 3, 1756),
(408, 0, 4, '2014-09-16 00:00:00', 0, b'0', b'0', b'0', NULL, '2013-09-16 00:00:00', 1, 3, 1761),
(409, 13, 2, '2014-09-16 00:00:00', 0, b'0', b'0', b'0', NULL, '2013-09-16 00:00:00', 4, 0, 1770),
(410, 0, 4, '2014-09-16 00:00:00', 0, b'0', b'0', b'0', NULL, '2013-09-16 00:00:00', 0, 3, 1771),
(411, 0, 4, '2014-09-16 00:00:00', 0, b'0', b'0', b'0', NULL, '2013-09-16 00:00:00', 1, 3, 1772),
(412, 0, 4, '2014-09-16 00:00:00', 0, b'0', b'0', b'0', NULL, '2013-09-16 00:00:00', 1, 3, 1773),
(413, 0, 4, '2014-09-16 00:00:00', 0, b'0', b'0', b'0', NULL, '2013-09-16 00:00:00', 1, 3, 1774),
(414, 0, 4, '2014-09-16 00:00:00', 0, b'0', b'0', b'0', NULL, '2013-09-16 00:00:00', 0, 3, 1793),
(415, 12, 0, '2014-09-16 00:00:00', 0, b'0', b'0', b'0', NULL, '2013-09-16 00:00:00', 0, 2, 1796),
(416, 12, 0, '2014-09-16 00:00:00', 0, b'0', b'0', b'0', NULL, '2013-09-16 00:00:00', 1, 2, 1797),
(417, 0, 4, '2014-09-16 00:00:00', 0, b'0', b'0', b'0', NULL, '2013-09-16 00:00:00', 1, 3, 1801),
(418, 0, 4, '2014-09-16 00:00:00', 0, b'0', b'0', b'0', NULL, '2013-09-16 00:00:00', 2, 3, 1803),
(419, 0, 4, '2014-09-16 00:00:00', 0, b'0', b'0', b'0', NULL, '2013-09-16 00:00:00', 2, 3, 1804),
(420, 0, 4, '2014-09-16 00:00:00', 0, b'0', b'0', b'0', NULL, '2013-09-16 00:00:00', 0, 3, 1806),
(421, 0, 4, '2014-09-16 00:00:00', 0, b'0', b'0', b'0', NULL, '2013-09-16 00:00:00', 1, 3, 1810),
(422, 0, 4, '2014-09-16 00:00:00', 0, b'0', b'0', b'0', NULL, '2013-09-16 00:00:00', 1, 3, 1811),
(423, 0, 4, '2014-09-16 00:00:00', 0, b'0', b'0', b'0', NULL, '2013-09-16 00:00:00', 1, 3, 1812),
(424, 26, 2, '2014-09-16 00:00:00', 0, b'0', b'0', b'0', NULL, '2013-09-16 00:00:00', 6, 0, 1813),
(425, 0, 4, '2014-09-16 00:00:00', 0, b'0', b'0', b'0', NULL, '2013-09-16 00:00:00', 1, 3, 1814),
(426, 0, 4, '2014-09-16 00:00:00', 0, b'0', b'0', b'0', NULL, '2013-09-16 00:00:00', 1, 3, 1815),
(427, 0, 4, '2014-09-16 00:00:00', 0, b'0', b'0', b'0', NULL, '2013-09-16 00:00:00', 1, 3, 1816),
(428, 0, 4, '2014-09-16 00:00:00', 0, b'0', b'0', b'0', NULL, '2013-09-16 00:00:00', 1, 3, 1817),
(429, 0, 4, '2014-09-16 00:00:00', 0, b'0', b'0', b'0', NULL, '2013-09-16 00:00:00', 0, 3, 1818),
(430, 0, 4, '2014-09-16 00:00:00', 0, b'0', b'0', b'0', NULL, '2013-09-16 00:00:00', 1, 3, 1819),
(431, 26, 2, '2014-09-16 00:00:00', 0, b'0', b'0', b'0', NULL, '2013-09-16 00:00:00', 0, 0, 1820),
(432, 0, 4, '2014-09-16 00:00:00', 0, b'0', b'0', b'0', NULL, '2013-09-16 00:00:00', 1, 3, 1821),
(433, 0, 4, '2014-09-16 00:00:00', 0, b'0', b'0', b'0', NULL, '2013-09-16 00:00:00', 1, 3, 1824),
(434, 0, 4, '2014-09-16 00:00:00', 0, b'0', b'0', b'0', NULL, '2013-09-16 00:00:00', 0, 3, 1825),
(435, 0, 4, '2014-09-16 00:00:00', 0, b'0', b'0', b'0', NULL, '2013-09-16 00:00:00', 1, 3, 1826),
(436, 0, 4, '2014-09-16 00:00:00', 0, b'0', b'0', b'0', NULL, '2013-09-16 00:00:00', 0, 3, 1827),
(437, 0, 4, '2014-09-16 00:00:00', 0, b'0', b'0', b'0', NULL, '2013-09-16 00:00:00', 0, 3, 1828),
(438, 52, 0, '2014-09-16 00:00:00', 0, b'0', b'0', b'0', NULL, '2013-09-16 00:00:00', 1, 2, 1829),
(439, 52, 0, '2014-09-16 00:00:00', 0, b'0', b'0', b'0', NULL, '2013-09-16 00:00:00', 1, 2, 1830),
(440, 0, 4, '2014-09-16 00:00:00', 0, b'0', b'0', b'0', NULL, '2013-09-16 00:00:00', 1, 3, 1831),
(441, 0, 4, '2014-09-16 00:00:00', 0, b'0', b'0', b'0', NULL, '2013-09-16 00:00:00', 0, 3, 1832),
(442, 0, 4, '2014-09-16 00:00:00', 0, b'0', b'0', b'0', NULL, '2013-09-16 00:00:00', 1, 3, 1838),
(443, 39, 4, '2014-09-16 00:00:00', 0, b'0', b'0', b'0', NULL, '2013-09-16 00:00:00', 1, 3, 1842),
(444, 0, 4, '2014-09-16 00:00:00', 0, b'0', b'0', b'0', NULL, '2013-09-16 00:00:00', 2, 3, 1843),
(445, 0, 4, '2014-09-16 00:00:00', 0, b'0', b'0', b'0', NULL, '2013-09-16 00:00:00', 4, 3, 1844),
(446, 0, 4, '2014-09-16 00:00:00', 0, b'0', b'0', b'0', NULL, '2013-09-16 00:00:00', 7, 3, 1845),
(447, 0, 4, '2014-09-16 00:00:00', 0, b'0', b'0', b'0', NULL, '2013-09-16 00:00:00', 1, 3, 1846),
(448, 0, 4, '2014-09-16 00:00:00', 0, b'0', b'0', b'0', NULL, '2013-09-16 00:00:00', 1, 3, 1847),
(449, 0, 4, '2014-09-16 00:00:00', 0, b'0', b'0', b'0', NULL, '2013-09-16 00:00:00', 1, 3, 1848),
(450, 0, 4, '2014-09-16 00:00:00', 0, b'0', b'0', b'0', NULL, '2013-09-16 00:00:00', 1, 3, 1849),
(451, 0, 4, '2014-09-16 00:00:00', 0, b'0', b'0', b'0', NULL, '2013-09-16 00:00:00', 1, 3, 1850),
(452, 0, 4, '2014-09-16 00:00:00', 0, b'0', b'0', b'0', NULL, '2013-09-16 00:00:00', 2, 3, 1851),
(453, 0, 4, '2014-09-16 00:00:00', 0, b'0', b'0', b'0', NULL, '2013-09-16 00:00:00', 2, 3, 1852),
(454, 0, 4, '2014-09-16 00:00:00', 0, b'0', b'0', b'0', NULL, '2013-09-16 00:00:00', 2, 3, 1853),
(455, 0, 4, '2014-09-16 00:00:00', 0, b'0', b'0', b'0', NULL, '2013-09-16 00:00:00', 0, 3, 1854),
(456, 0, 4, '2014-09-16 00:00:00', 0, b'0', b'0', b'0', NULL, '2013-09-16 00:00:00', 4, 3, 1855),
(457, 0, 4, '2014-09-16 00:00:00', 0, b'0', b'0', b'0', NULL, '2013-09-16 00:00:00', 4, 3, 1856),
(458, 0, 4, '2014-09-16 00:00:00', 0, b'0', b'0', b'0', NULL, '2013-09-16 00:00:00', 2, 3, 1857),
(459, 0, 4, '2014-09-16 00:00:00', 0, b'0', b'0', b'0', NULL, '2013-09-16 00:00:00', 1, 3, 1858),
(460, 0, 4, '2014-09-16 00:00:00', 0, b'0', b'0', b'0', NULL, '2013-09-16 00:00:00', 2, 3, 1859),
(461, 0, 4, '2014-09-16 00:00:00', 0, b'0', b'0', b'0', NULL, '2013-09-16 00:00:00', 2, 3, 1860),
(462, 0, 4, '2014-09-16 00:00:00', 0, b'0', b'0', b'0', NULL, '2013-09-16 00:00:00', 2, 3, 1861),
(463, 0, 4, '2014-09-16 00:00:00', 0, b'0', b'0', b'0', NULL, '2013-09-16 00:00:00', 1, 3, 1862),
(464, 0, 4, '2014-09-16 00:00:00', 0, b'0', b'0', b'0', NULL, '2013-09-16 00:00:00', 0, 3, 1863),
(465, 0, 4, '2014-09-16 00:00:00', 0, b'0', b'0', b'0', NULL, '2013-09-16 00:00:00', 0, 3, 1864),
(466, 0, 4, '2014-09-16 00:00:00', 0, b'0', b'0', b'0', NULL, '2013-09-16 00:00:00', 1, 3, 1866),
(467, 0, 4, '2014-09-16 00:00:00', 0, b'0', b'0', b'0', NULL, '2013-09-16 00:00:00', 1, 3, 1868),
(468, 0, 4, '2014-09-16 00:00:00', 0, b'0', b'0', b'0', NULL, '2013-09-16 00:00:00', 1, 3, 1869),
(469, 0, 4, '2014-09-16 00:00:00', 0, b'0', b'0', b'0', NULL, '2013-09-16 00:00:00', 1, 3, 1871),
(470, 0, 4, '2014-09-16 00:00:00', 0, b'0', b'0', b'0', NULL, '2013-09-16 00:00:00', 0, 3, 1872),
(471, 0, 4, '2014-09-16 00:00:00', 0, b'0', b'0', b'0', NULL, '2013-09-16 00:00:00', 0, 3, 1873),
(472, 10, 2, '2014-09-16 00:00:00', 0, b'0', b'0', b'0', NULL, '2013-09-16 00:00:00', 0, 0, 1874),
(473, 0, 4, '2014-09-16 00:00:00', 0, b'0', b'0', b'0', NULL, '2013-09-16 00:00:00', 0, 3, 1875),
(474, 0, 4, '2014-09-16 00:00:00', 0, b'0', b'0', b'0', NULL, '2013-09-16 00:00:00', 2, 3, 1876),
(475, 0, 4, '2014-09-16 00:00:00', 0, b'0', b'0', b'0', NULL, '2013-09-16 00:00:00', 1, 3, 1877),
(476, 0, 4, '2014-09-16 00:00:00', 0, b'0', b'0', b'0', NULL, '2013-09-16 00:00:00', 2, 3, 1878),
(477, 0, 4, '2014-09-16 00:00:00', 0, b'0', b'0', b'0', NULL, '2013-09-16 00:00:00', 1, 3, 1879),
(478, 0, 4, '2014-09-16 00:00:00', 0, b'0', b'0', b'0', NULL, '2013-09-16 00:00:00', 1, 3, 1880),
(479, 0, 4, '2014-09-16 00:00:00', 0, b'0', b'0', b'0', NULL, '2013-09-16 00:00:00', 0, 3, 1881),
(480, 0, 4, '2014-09-16 00:00:00', 0, b'0', b'0', b'0', NULL, '2013-09-16 00:00:00', 1, 3, 1882),
(481, 0, 4, '2014-09-16 00:00:00', 0, b'0', b'0', b'0', NULL, '2013-09-16 00:00:00', 1, 3, 1883),
(482, 0, 4, '2014-09-16 00:00:00', 0, b'0', b'0', b'0', NULL, '2013-09-16 00:00:00', 0, 3, 1884),
(483, 0, 4, '2014-09-16 00:00:00', 0, b'0', b'0', b'0', NULL, '2013-09-16 00:00:00', 0, 3, 1885),
(484, 0, 4, '2014-09-16 00:00:00', 0, b'0', b'0', b'0', NULL, '2013-09-16 00:00:00', 0, 3, 1887),
(485, 0, 4, '2014-09-16 00:00:00', 0, b'0', b'0', b'0', NULL, '2013-09-16 00:00:00', 2, 3, 1889),
(486, 0, 4, '2014-09-16 00:00:00', 0, b'0', b'0', b'0', NULL, '2013-09-16 00:00:00', 1, 3, 1891),
(487, 0, 4, '2014-09-16 00:00:00', 0, b'0', b'0', b'0', NULL, '2013-09-16 00:00:00', 0, 3, 1892),
(488, 0, 4, '2014-09-16 00:00:00', 0, b'0', b'0', b'0', NULL, '2013-09-16 00:00:00', 0, 3, 1893),
(489, 0, 4, '2014-09-16 00:00:00', 0, b'0', b'0', b'0', NULL, '2013-09-16 00:00:00', 0, 3, 1894),
(490, 0, 4, '2014-09-16 00:00:00', 0, b'0', b'0', b'0', NULL, '2013-09-16 00:00:00', 0, 3, 1895),
(491, 24, 2, '2014-09-16 00:00:00', 0, b'0', b'0', b'0', NULL, '2013-09-16 00:00:00', 0, 0, 1896),
(492, 0, 4, '2014-09-16 00:00:00', 0, b'0', b'0', b'0', NULL, '2013-09-16 00:00:00', 0, 3, 1897),
(493, 0, 4, '2014-09-16 00:00:00', 0, b'0', b'0', b'0', NULL, '2013-09-16 00:00:00', 0, 3, 1898),
(494, 0, 4, '2014-09-16 00:00:00', 0, b'0', b'0', b'0', NULL, '2013-09-16 00:00:00', 0, 3, 1899),
(495, 0, 4, '2014-09-16 00:00:00', 0, b'0', b'0', b'0', NULL, '2013-09-16 00:00:00', 0, 3, 1900),
(496, 0, 4, '2014-09-16 00:00:00', 0, b'0', b'0', b'0', NULL, '2013-09-16 00:00:00', 0, 3, 1901),
(497, 0, 4, '2014-09-16 00:00:00', 0, b'0', b'0', b'0', NULL, '2013-09-16 00:00:00', 0, 3, 1902),
(498, 0, 4, '2014-09-16 00:00:00', 0, b'0', b'0', b'0', NULL, '2013-09-16 00:00:00', 0, 3, 1903),
(499, 0, 4, '2014-09-16 00:00:00', 0, b'0', b'0', b'0', NULL, '2013-09-16 00:00:00', 0, 3, 1904),
(500, 0, 4, '2014-09-16 00:00:00', 0, b'0', b'0', b'0', NULL, '2013-09-16 00:00:00', 0, 3, 1905),
(501, 0, 4, '2014-09-16 00:00:00', 0, b'0', b'0', b'0', NULL, '2013-09-16 00:00:00', 0, 3, 1906),
(502, 0, 4, '2014-09-16 00:00:00', 0, b'0', b'0', b'0', NULL, '2013-09-16 00:00:00', 0, 3, 1907),
(503, 0, 4, '2014-09-16 00:00:00', 0, b'0', b'0', b'0', NULL, '2013-09-16 00:00:00', 0, 3, 1908),
(504, 0, 4, '2014-09-16 00:00:00', 0, b'0', b'0', b'0', NULL, '2013-09-16 00:00:00', 0, 3, 1909),
(505, 0, 4, '2014-09-16 00:00:00', 0, b'0', b'0', b'0', NULL, '2013-09-16 00:00:00', 0, 3, 1910),
(506, 0, 4, '2014-09-16 00:00:00', 0, b'0', b'0', b'0', NULL, '2013-09-16 00:00:00', 0, 3, 1911),
(507, 0, 4, '2014-09-16 00:00:00', 0, b'0', b'0', b'0', NULL, '2013-09-16 00:00:00', 0, 3, 1912),
(508, 0, 4, '2014-09-16 00:00:00', 0, b'0', b'0', b'0', NULL, '2013-09-16 00:00:00', 0, 3, 1913),
(509, 0, 4, '2014-09-16 00:00:00', 0, b'0', b'0', b'0', NULL, '2013-09-16 00:00:00', 0, 3, 1914),
(510, 0, 4, '2014-09-16 00:00:00', 0, b'0', b'0', b'0', NULL, '2013-09-16 00:00:00', 0, 3, 1915),
(511, 0, 4, '2014-09-16 00:00:00', 0, b'0', b'0', b'0', NULL, '2013-09-16 00:00:00', 0, 3, 1916),
(512, 0, 4, '2014-09-16 00:00:00', 0, b'0', b'0', b'0', NULL, '2013-09-16 00:00:00', 0, 3, 1917),
(513, 0, 4, '2014-09-16 00:00:00', 0, b'0', b'0', b'0', NULL, '2013-09-16 00:00:00', 0, 3, 1918),
(514, 0, 4, '2014-09-16 00:00:00', 0, b'0', b'0', b'0', NULL, '2013-09-16 00:00:00', 1, 3, 1919),
(515, 24, 2, '2014-09-16 00:00:00', 0, b'0', b'0', b'0', NULL, '2013-09-16 00:00:00', 1, 0, 1920),
(516, 0, 4, '2014-09-16 00:00:00', 0, b'0', b'0', b'0', NULL, '2013-09-16 00:00:00', 1, 3, 1921),
(517, 0, 4, '2014-09-16 00:00:00', 0, b'0', b'0', b'0', NULL, '2013-09-16 00:00:00', 1, 3, 1922),
(518, 0, 4, '2014-09-16 00:00:00', 0, b'0', b'0', b'0', NULL, '2013-09-16 00:00:00', 1, 3, 1923),
(519, 0, 4, '2014-09-16 00:00:00', 0, b'0', b'0', b'0', NULL, '2013-09-16 00:00:00', 1, 3, 1924);
INSERT INTO `COURSE_COMPONENT` (`CourseComponentID`, `ContactHours`, `Duration`, `EndingDate`, `RoomCapacityRequirement`, `RoomProjectorRequirement`, `RoomRecorderRequirement`, `RoomSMARTBoardRequirement`, `RoomTypeRequirement`, `StartingDate`, `CourseComponentTerm`, `CourseComponentType`, `CourseID`) VALUES
(520, 0, 4, '2014-09-16 00:00:00', 0, b'0', b'0', b'0', NULL, '2013-09-16 00:00:00', 1, 3, 1925),
(521, 0, 4, '2014-09-16 00:00:00', 0, b'0', b'0', b'0', NULL, '2013-09-16 00:00:00', 1, 3, 1926),
(522, 0, 4, '2014-09-16 00:00:00', 0, b'0', b'0', b'0', NULL, '2013-09-16 00:00:00', 1, 3, 1927),
(523, 0, 4, '2014-09-16 00:00:00', 0, b'0', b'0', b'0', NULL, '2013-09-16 00:00:00', 1, 3, 1928),
(524, 0, 4, '2014-09-16 00:00:00', 0, b'0', b'0', b'0', NULL, '2013-09-16 00:00:00', 1, 3, 1929),
(525, 0, 4, '2014-09-16 00:00:00', 0, b'0', b'0', b'0', NULL, '2013-09-16 00:00:00', 1, 3, 1930),
(526, 0, 4, '2014-09-16 00:00:00', 0, b'0', b'0', b'0', NULL, '2013-09-16 00:00:00', 1, 3, 1931),
(527, 0, 4, '2014-09-16 00:00:00', 0, b'0', b'0', b'0', NULL, '2013-09-16 00:00:00', 1, 3, 1932),
(528, 20, 2, '2014-09-16 00:00:00', 0, b'0', b'0', b'0', NULL, '2013-09-16 00:00:00', 1, 0, 1933),
(529, 0, 4, '2014-09-16 00:00:00', 0, b'0', b'0', b'0', NULL, '2013-09-16 00:00:00', 1, 3, 1934),
(530, 0, 4, '2014-09-16 00:00:00', 0, b'0', b'0', b'0', NULL, '2013-09-16 00:00:00', 1, 3, 1935),
(531, 0, 4, '2014-09-16 00:00:00', 0, b'0', b'0', b'0', NULL, '2013-09-16 00:00:00', 1, 3, 1936),
(532, 0, 4, '2014-09-16 00:00:00', 0, b'0', b'0', b'0', NULL, '2013-09-16 00:00:00', 1, 3, 1937),
(533, 0, 4, '2014-09-16 00:00:00', 0, b'0', b'0', b'0', NULL, '2013-09-16 00:00:00', 1, 3, 1938),
(534, 0, 4, '2014-09-16 00:00:00', 0, b'0', b'0', b'0', NULL, '2013-09-16 00:00:00', 1, 3, 1939),
(535, 0, 4, '2014-09-16 00:00:00', 0, b'0', b'0', b'0', NULL, '2013-09-16 00:00:00', 1, 3, 1940),
(536, 0, 4, '2014-09-16 00:00:00', 0, b'0', b'0', b'0', NULL, '2013-09-16 00:00:00', 1, 3, 1941),
(537, 0, 4, '2014-09-16 00:00:00', 0, b'0', b'0', b'0', NULL, '2013-09-16 00:00:00', 1, 3, 1942),
(538, 0, 4, '2014-09-16 00:00:00', 0, b'0', b'0', b'0', NULL, '2013-09-16 00:00:00', 1, 3, 1943),
(539, 84, 0, '2014-09-16 00:00:00', 0, b'0', b'0', b'0', NULL, '2013-09-16 00:00:00', 1, 2, 1944),
(540, 0, 4, '2014-09-16 00:00:00', 0, b'0', b'0', b'0', NULL, '2013-09-16 00:00:00', 1, 3, 1945),
(541, 0, 4, '2014-09-16 00:00:00', 0, b'0', b'0', b'0', NULL, '2013-09-16 00:00:00', 1, 3, 1946),
(542, 0, 4, '2014-09-16 00:00:00', 0, b'0', b'0', b'0', NULL, '2013-09-16 00:00:00', 1, 3, 1947),
(543, 0, 4, '2014-09-16 00:00:00', 0, b'0', b'0', b'0', NULL, '2013-09-16 00:00:00', 1, 3, 1948),
(544, 0, 4, '2014-09-16 00:00:00', 0, b'0', b'0', b'0', NULL, '2013-09-16 00:00:00', 1, 3, 1949),
(545, 0, 4, '2014-09-16 00:00:00', 0, b'0', b'0', b'0', NULL, '2013-09-16 00:00:00', 1, 3, 1950),
(546, 0, 4, '2014-09-16 00:00:00', 0, b'0', b'0', b'0', NULL, '2013-09-16 00:00:00', 0, 3, 1951),
(547, 0, 4, '2014-09-16 00:00:00', 0, b'0', b'0', b'0', NULL, '2013-09-16 00:00:00', 0, 3, 1952),
(548, 0, 4, '2014-09-16 00:00:00', 0, b'0', b'0', b'0', NULL, '2013-09-16 00:00:00', 0, 3, 1953),
(549, 0, 4, '2014-09-16 00:00:00', 0, b'0', b'0', b'0', NULL, '2013-09-16 00:00:00', 0, 3, 1954),
(550, 0, 4, '2014-09-16 00:00:00', 0, b'0', b'0', b'0', NULL, '2013-09-16 00:00:00', 0, 3, 1955),
(551, 0, 4, '2014-09-16 00:00:00', 0, b'0', b'0', b'0', NULL, '2013-09-16 00:00:00', 0, 3, 1956),
(552, 0, 4, '2014-09-16 00:00:00', 0, b'0', b'0', b'0', NULL, '2013-09-16 00:00:00', 0, 3, 1957),
(553, 0, 4, '2014-09-16 00:00:00', 0, b'0', b'0', b'0', NULL, '2013-09-16 00:00:00', 0, 3, 1958),
(554, 0, 4, '2014-09-16 00:00:00', 0, b'0', b'0', b'0', NULL, '2013-09-16 00:00:00', 0, 3, 1959),
(555, 0, 4, '2014-09-16 00:00:00', 0, b'0', b'0', b'0', NULL, '2013-09-16 00:00:00', 0, 3, 1960),
(556, 0, 4, '2014-09-16 00:00:00', 0, b'0', b'0', b'0', NULL, '2013-09-16 00:00:00', 0, 3, 1961),
(557, 0, 4, '2014-09-16 00:00:00', 0, b'0', b'0', b'0', NULL, '2013-09-16 00:00:00', 0, 3, 1962),
(558, 0, 4, '2014-09-16 00:00:00', 0, b'0', b'0', b'0', NULL, '2013-09-16 00:00:00', 0, 3, 1963),
(559, 0, 4, '2014-09-16 00:00:00', 0, b'0', b'0', b'0', NULL, '2013-09-16 00:00:00', 0, 3, 1964),
(560, 10, 2, '2014-09-16 00:00:00', 0, b'0', b'0', b'0', NULL, '2013-09-16 00:00:00', 0, 0, 1965),
(561, 0, 4, '2014-09-16 00:00:00', 0, b'0', b'0', b'0', NULL, '2013-09-16 00:00:00', 0, 3, 1966),
(562, 0, 4, '2014-09-16 00:00:00', 0, b'0', b'0', b'0', NULL, '2013-09-16 00:00:00', 0, 3, 1967),
(563, 0, 4, '2014-09-16 00:00:00', 0, b'0', b'0', b'0', NULL, '2013-09-16 00:00:00', 0, 3, 1968),
(564, 0, 4, '2014-09-16 00:00:00', 0, b'0', b'0', b'0', NULL, '2013-09-16 00:00:00', 0, 3, 1969),
(565, 0, 4, '2014-09-16 00:00:00', 0, b'0', b'0', b'0', NULL, '2013-09-16 00:00:00', 0, 3, 1970),
(566, 10, 2, '2014-09-16 00:00:00', 0, b'0', b'0', b'0', NULL, '2013-09-16 00:00:00', 0, 0, 1971),
(567, 0, 4, '2014-09-16 00:00:00', 0, b'0', b'0', b'0', NULL, '2013-09-16 00:00:00', 0, 3, 1972),
(568, 0, 4, '2014-09-16 00:00:00', 0, b'0', b'0', b'0', NULL, '2013-09-16 00:00:00', 0, 3, 1973),
(569, 0, 4, '2014-09-16 00:00:00', 0, b'0', b'0', b'0', NULL, '2013-09-16 00:00:00', 0, 3, 1974),
(570, 0, 4, '2014-09-16 00:00:00', 0, b'0', b'0', b'0', NULL, '2013-09-16 00:00:00', 0, 3, 1975),
(571, 0, 4, '2014-09-16 00:00:00', 0, b'0', b'0', b'0', NULL, '2013-09-16 00:00:00', 0, 3, 1976),
(572, 0, 4, '2014-09-16 00:00:00', 0, b'0', b'0', b'0', NULL, '2013-09-16 00:00:00', 0, 3, 1977),
(573, 0, 4, '2014-09-16 00:00:00', 0, b'0', b'0', b'0', NULL, '2013-09-16 00:00:00', 0, 3, 1978),
(574, 0, 4, '2014-09-16 00:00:00', 0, b'0', b'0', b'0', NULL, '2013-09-16 00:00:00', 2, 3, 1979),
(575, 0, 4, '2014-09-16 00:00:00', 0, b'0', b'0', b'0', NULL, '2013-09-16 00:00:00', 2, 3, 1980),
(576, 0, 4, '2014-09-16 00:00:00', 0, b'0', b'0', b'0', NULL, '2013-09-16 00:00:00', 2, 3, 1981),
(577, 0, 4, '2014-09-16 00:00:00', 0, b'0', b'0', b'0', NULL, '2013-09-16 00:00:00', 1, 3, 1986),
(578, 0, 4, '2014-09-16 00:00:00', 0, b'0', b'0', b'0', NULL, '2013-09-16 00:00:00', 0, 3, 1993),
(579, 0, 4, '2014-09-16 00:00:00', 0, b'0', b'0', b'0', NULL, '2013-09-16 00:00:00', 0, 3, 2000),
(580, 0, 4, '2014-09-16 00:00:00', 0, b'0', b'0', b'0', NULL, '2013-09-16 00:00:00', 0, 3, 2013),
(581, 0, 4, '2014-09-16 00:00:00', 0, b'0', b'0', b'0', NULL, '2013-09-16 00:00:00', 1, 3, 2015),
(582, 0, 4, '2014-09-16 00:00:00', 0, b'0', b'0', b'0', NULL, '2013-09-16 00:00:00', 0, 3, 2016),
(583, 0, 4, '2014-09-16 00:00:00', 0, b'0', b'0', b'0', NULL, '2013-09-16 00:00:00', 0, 3, 2017);

-- --------------------------------------------------------

--
-- Table structure for table `COURSE_COMPONENT_USER`
--

CREATE TABLE IF NOT EXISTS `COURSE_COMPONENT_USER` (
  `CourseComponentID` int(11) NOT NULL,
  `UserID` int(11) NOT NULL,
  PRIMARY KEY (`CourseComponentID`,`UserID`),
  KEY `FK_nmih00kict7q2kgt4ajnadb88` (`UserID`)
) ENGINE=InnoDB DEFAULT CHARSET=latin1;

--
-- Dumping data for table `COURSE_COMPONENT_USER`
--

INSERT INTO `COURSE_COMPONENT_USER` (`CourseComponentID`, `UserID`) VALUES
(5, 4),
(386, 7),
(9, 9),
(16, 19),
(349, 20),
(491, 21),
(515, 21),
(528, 21),
(560, 21),
(566, 21),
(86, 26),
(194, 32),
(195, 32),
(35, 37),
(431, 37),
(239, 71),
(286, 73),
(160, 74),
(161, 74),
(424, 94),
(192, 117),
(253, 148),
(395, 209),
(409, 220),
(472, 229);

-- --------------------------------------------------------

--
-- Table structure for table `COURSE_DATA`
--

CREATE TABLE IF NOT EXISTS `COURSE_DATA` (
  `CourseDataID` int(11) NOT NULL AUTO_INCREMENT,
  `ECTS` int(11) DEFAULT NULL,
  `Description` text,
  `Grading` text,
  `Language` varchar(255) DEFAULT NULL,
  `LearningGoals` text,
  `ReexaminationPossible` bit(1) DEFAULT NULL,
  `studyTime` int(11) DEFAULT NULL,
  PRIMARY KEY (`CourseDataID`)
) ENGINE=InnoDB  DEFAULT CHARSET=latin1 AUTO_INCREMENT=2019 ;

--
-- Dumping data for table `COURSE_DATA`
--

INSERT INTO `COURSE_DATA` (`CourseDataID`, `ECTS`, `Description`, `Grading`, `Language`, `LearningGoals`, `ReexaminationPossible`, `studyTime`) VALUES
(3, 0, NULL, NULL, NULL, NULL, b'0', 0),
(5, 0, NULL, NULL, NULL, NULL, b'0', 0),
(16, 0, NULL, NULL, NULL, NULL, b'0', 0),
(17, 0, NULL, NULL, NULL, NULL, b'0', 0),
(31, 0, NULL, NULL, NULL, NULL, b'0', 0),
(33, 0, NULL, NULL, NULL, NULL, b'0', 0),
(45, 0, '', NULL, NULL, NULL, b'0', 0),
(55, 0, NULL, NULL, NULL, NULL, b'0', 0),
(57, 0, NULL, NULL, NULL, NULL, b'0', 0),
(71, 0, NULL, NULL, NULL, NULL, b'0', 0),
(76, 0, NULL, NULL, NULL, NULL, b'0', 0),
(97, 0, NULL, NULL, NULL, NULL, b'0', 0),
(98, 0, NULL, NULL, NULL, NULL, b'0', 0),
(134, 0, NULL, NULL, NULL, NULL, b'0', 0),
(140, 0, NULL, NULL, NULL, NULL, b'0', 0),
(195, 0, NULL, NULL, NULL, NULL, b'0', 0),
(220, 0, NULL, NULL, NULL, NULL, b'0', 0),
(278, 0, NULL, NULL, NULL, NULL, b'0', 0),
(291, 0, NULL, NULL, NULL, NULL, b'0', 0),
(292, 0, NULL, NULL, NULL, NULL, b'0', 0),
(298, 0, NULL, NULL, NULL, NULL, b'0', 0),
(301, 0, NULL, NULL, NULL, NULL, b'0', 0),
(316, 0, NULL, NULL, NULL, NULL, b'0', 0),
(323, 0, NULL, NULL, NULL, NULL, b'0', 0),
(324, 0, NULL, NULL, NULL, NULL, b'0', 0),
(350, 0, NULL, NULL, NULL, NULL, b'0', 0),
(371, 0, NULL, NULL, NULL, NULL, b'0', 0),
(372, 0, NULL, NULL, NULL, NULL, b'0', 0),
(402, 0, NULL, NULL, NULL, NULL, b'0', 0),
(420, 0, NULL, NULL, NULL, NULL, b'0', 0),
(421, 0, NULL, NULL, NULL, NULL, b'0', 0),
(438, 0, NULL, NULL, NULL, NULL, b'0', 0),
(441, 0, NULL, NULL, NULL, NULL, b'0', 0),
(444, 0, NULL, NULL, NULL, NULL, b'0', 0),
(448, 0, NULL, NULL, NULL, NULL, b'0', 0),
(450, 0, NULL, NULL, NULL, NULL, b'0', 0),
(451, 0, NULL, NULL, NULL, NULL, b'0', 0),
(453, 0, NULL, NULL, NULL, NULL, b'0', 0),
(454, 0, NULL, NULL, NULL, NULL, b'0', 0),
(455, 0, NULL, NULL, NULL, NULL, b'0', 0),
(456, 0, NULL, NULL, NULL, NULL, b'0', 0),
(457, 0, NULL, NULL, NULL, NULL, b'0', 0),
(458, 0, NULL, NULL, NULL, NULL, b'0', 0),
(459, 0, NULL, NULL, NULL, NULL, b'0', 0),
(471, 0, NULL, NULL, NULL, NULL, b'0', 0),
(475, 0, NULL, NULL, NULL, NULL, b'0', 0),
(476, 0, NULL, NULL, NULL, NULL, b'0', 0),
(499, 0, NULL, NULL, NULL, NULL, b'0', 0),
(535, 0, NULL, NULL, NULL, NULL, b'0', 0),
(542, 0, NULL, NULL, NULL, NULL, b'0', 0),
(544, 0, NULL, NULL, NULL, NULL, b'0', 0),
(559, 0, NULL, NULL, NULL, NULL, b'0', 0),
(561, 0, NULL, NULL, NULL, NULL, b'0', 0),
(562, 0, NULL, NULL, NULL, NULL, b'0', 0),
(568, 0, NULL, NULL, NULL, NULL, b'0', 0),
(569, 0, NULL, NULL, NULL, NULL, b'0', 0),
(583, 0, NULL, NULL, NULL, NULL, b'0', 0),
(586, 0, NULL, NULL, NULL, NULL, b'0', 0),
(590, 0, NULL, NULL, NULL, NULL, b'0', 0),
(593, 0, NULL, NULL, NULL, NULL, b'0', 0),
(594, 0, NULL, NULL, NULL, NULL, b'0', 0),
(595, 0, NULL, NULL, NULL, NULL, b'0', 0),
(597, 0, NULL, NULL, NULL, NULL, b'0', 0),
(599, 0, NULL, NULL, NULL, NULL, b'0', 0),
(600, 0, NULL, NULL, NULL, NULL, b'0', 0),
(605, 0, NULL, NULL, NULL, NULL, b'0', 0),
(607, 0, NULL, NULL, NULL, NULL, b'0', 0),
(608, 0, NULL, NULL, NULL, NULL, b'0', 0),
(610, 0, NULL, NULL, NULL, NULL, b'0', 0),
(644, 0, NULL, NULL, NULL, NULL, b'0', 0),
(645, 0, NULL, NULL, NULL, NULL, b'0', 0),
(647, 0, NULL, NULL, NULL, NULL, b'0', 0),
(648, 0, NULL, NULL, NULL, NULL, b'0', 0),
(666, 0, NULL, NULL, NULL, NULL, b'0', 0),
(689, 0, NULL, NULL, NULL, NULL, b'0', 0),
(692, 0, NULL, NULL, NULL, NULL, b'0', 0),
(693, 0, NULL, NULL, NULL, NULL, b'0', 0),
(694, 0, NULL, NULL, NULL, NULL, b'0', 0),
(695, 0, NULL, NULL, NULL, NULL, b'0', 0),
(696, 0, NULL, NULL, NULL, NULL, b'0', 0),
(699, 0, NULL, NULL, NULL, NULL, b'0', 0),
(706, 0, NULL, NULL, NULL, NULL, b'0', 0),
(708, 0, NULL, NULL, NULL, NULL, b'0', 0),
(711, 0, NULL, NULL, NULL, NULL, b'0', 0),
(712, 0, NULL, NULL, NULL, NULL, b'0', 0),
(719, 0, NULL, NULL, NULL, NULL, b'0', 0),
(726, 0, NULL, NULL, NULL, NULL, b'0', 0),
(727, 0, NULL, NULL, NULL, NULL, b'0', 0),
(728, 0, NULL, NULL, NULL, NULL, b'0', 0),
(732, 0, NULL, NULL, NULL, NULL, b'0', 0),
(733, 0, NULL, NULL, NULL, NULL, b'0', 0),
(734, 0, NULL, NULL, NULL, NULL, b'0', 0),
(755, 0, NULL, NULL, NULL, NULL, b'0', 0),
(768, 0, NULL, NULL, NULL, NULL, b'0', 0),
(770, 0, NULL, NULL, NULL, NULL, b'0', 0),
(771, 0, NULL, NULL, NULL, NULL, b'0', 0),
(776, 0, NULL, NULL, NULL, NULL, b'0', 0),
(778, 0, NULL, NULL, NULL, NULL, b'0', 0),
(780, 0, NULL, NULL, NULL, NULL, b'0', 0),
(781, 0, NULL, NULL, NULL, NULL, b'0', 0),
(805, 0, NULL, NULL, NULL, NULL, b'0', 0),
(809, 0, NULL, NULL, NULL, NULL, b'0', 0),
(821, 0, NULL, NULL, NULL, NULL, b'0', 0),
(832, 0, NULL, NULL, NULL, NULL, b'0', 0),
(835, 0, NULL, NULL, NULL, NULL, b'0', 0),
(841, 0, NULL, NULL, NULL, NULL, b'0', 0),
(843, 0, NULL, NULL, NULL, NULL, b'0', 0),
(845, 0, NULL, NULL, NULL, NULL, b'0', 0),
(850, 0, NULL, NULL, NULL, NULL, b'0', 0),
(851, 0, NULL, NULL, NULL, NULL, b'0', 0),
(865, 0, NULL, NULL, NULL, NULL, b'0', 0),
(870, 0, NULL, NULL, NULL, NULL, b'0', 0),
(871, 0, NULL, NULL, NULL, NULL, b'0', 0),
(873, 0, NULL, NULL, NULL, NULL, b'0', 0),
(878, 0, NULL, NULL, NULL, NULL, b'0', 0),
(892, 0, NULL, NULL, NULL, NULL, b'0', 0),
(898, 0, NULL, NULL, NULL, NULL, b'0', 0),
(909, 0, NULL, NULL, NULL, NULL, b'0', 0),
(910, 0, NULL, NULL, NULL, NULL, b'0', 0),
(915, 0, NULL, NULL, NULL, NULL, b'0', 0),
(916, 0, NULL, NULL, NULL, NULL, b'0', 0),
(919, 0, NULL, NULL, NULL, NULL, b'0', 0),
(922, 0, NULL, NULL, NULL, NULL, b'0', 0),
(930, 0, NULL, NULL, NULL, NULL, b'0', 0),
(932, 0, NULL, NULL, NULL, NULL, b'0', 0),
(935, 0, NULL, NULL, NULL, NULL, b'0', 0),
(937, 0, NULL, NULL, NULL, NULL, b'0', 0),
(939, 0, NULL, NULL, NULL, NULL, b'0', 0),
(941, 0, NULL, NULL, NULL, NULL, b'0', 0),
(953, 0, NULL, NULL, NULL, NULL, b'0', 0),
(961, 0, NULL, NULL, NULL, NULL, b'0', 0),
(963, 0, NULL, NULL, NULL, NULL, b'0', 0),
(979, 0, NULL, NULL, NULL, NULL, b'0', 0),
(984, 0, NULL, NULL, NULL, NULL, b'0', 0),
(985, 0, NULL, NULL, NULL, NULL, b'0', 0),
(986, 0, NULL, NULL, NULL, NULL, b'0', 0),
(1002, 0, NULL, NULL, NULL, NULL, b'0', 0),
(1011, 0, NULL, NULL, NULL, NULL, b'0', 0),
(1020, 0, NULL, NULL, NULL, NULL, b'0', 0),
(1021, 0, NULL, NULL, NULL, NULL, b'0', 0),
(1022, 0, NULL, NULL, NULL, NULL, b'0', 0),
(1024, 0, NULL, NULL, NULL, NULL, b'0', 0),
(1027, 0, NULL, NULL, NULL, NULL, b'0', 0),
(1028, 0, NULL, NULL, NULL, NULL, b'0', 0),
(1029, 0, NULL, NULL, NULL, NULL, b'0', 0),
(1030, 0, NULL, NULL, NULL, NULL, b'0', 0),
(1031, 0, NULL, NULL, NULL, NULL, b'0', 0),
(1033, 0, NULL, NULL, NULL, NULL, b'0', 0),
(1034, 0, NULL, NULL, NULL, NULL, b'0', 0),
(1035, 0, NULL, NULL, NULL, NULL, b'0', 0),
(1041, 0, NULL, NULL, NULL, NULL, b'0', 0),
(1044, 0, NULL, NULL, NULL, NULL, b'0', 0),
(1046, 0, NULL, NULL, NULL, NULL, b'0', 0),
(1050, 0, NULL, NULL, NULL, NULL, b'0', 0),
(1052, 0, NULL, NULL, NULL, NULL, b'0', 0),
(1055, 0, NULL, NULL, NULL, NULL, b'0', 0),
(1056, 0, NULL, NULL, NULL, NULL, b'0', 0),
(1057, 0, NULL, NULL, NULL, NULL, b'0', 0),
(1058, 0, NULL, NULL, NULL, NULL, b'0', 0),
(1059, 0, NULL, NULL, NULL, NULL, b'0', 0),
(1060, 0, NULL, NULL, NULL, NULL, b'0', 0),
(1062, 0, NULL, NULL, NULL, NULL, b'0', 0),
(1063, 0, NULL, NULL, NULL, NULL, b'0', 0),
(1064, 0, NULL, NULL, NULL, NULL, b'0', 0),
(1065, 0, NULL, NULL, NULL, NULL, b'0', 0),
(1066, 0, NULL, NULL, NULL, NULL, b'0', 0),
(1067, 0, NULL, NULL, NULL, NULL, b'0', 0),
(1069, 0, NULL, NULL, NULL, NULL, b'0', 0),
(1070, 0, NULL, NULL, NULL, NULL, b'0', 0),
(1071, 0, NULL, NULL, NULL, NULL, b'0', 0),
(1075, 0, NULL, NULL, NULL, NULL, b'0', 0),
(1078, 0, NULL, NULL, NULL, NULL, b'0', 0),
(1081, 0, NULL, NULL, NULL, NULL, b'0', 0),
(1082, 0, NULL, NULL, NULL, NULL, b'0', 0),
(1083, 0, NULL, NULL, NULL, NULL, b'0', 0),
(1107, 0, NULL, NULL, NULL, NULL, b'0', 0),
(1111, 0, NULL, NULL, NULL, NULL, b'0', 0),
(1112, 0, NULL, NULL, NULL, NULL, b'0', 0),
(1113, 0, NULL, NULL, NULL, NULL, b'0', 0),
(1118, 0, NULL, NULL, NULL, NULL, b'0', 0),
(1123, 0, NULL, NULL, NULL, NULL, b'0', 0),
(1126, 0, NULL, NULL, NULL, NULL, b'0', 0),
(1127, 0, NULL, NULL, NULL, NULL, b'0', 0),
(1130, 0, NULL, NULL, NULL, NULL, b'0', 0),
(1131, 0, NULL, NULL, NULL, NULL, b'0', 0),
(1132, 0, NULL, NULL, NULL, NULL, b'0', 0),
(1133, 0, NULL, NULL, NULL, NULL, b'0', 0),
(1134, 0, NULL, NULL, NULL, NULL, b'0', 0),
(1141, 0, NULL, NULL, NULL, NULL, b'0', 0),
(1150, 0, NULL, NULL, NULL, NULL, b'0', 0),
(1155, 0, NULL, NULL, NULL, NULL, b'0', 0),
(1157, 0, NULL, NULL, NULL, NULL, b'0', 0),
(1158, 0, NULL, NULL, NULL, NULL, b'0', 0),
(1164, 0, NULL, NULL, NULL, NULL, b'0', 0),
(1165, 0, NULL, NULL, NULL, NULL, b'0', 0),
(1171, 0, NULL, NULL, NULL, NULL, b'0', 0),
(1196, 0, NULL, NULL, NULL, NULL, b'0', 0),
(1210, 0, NULL, NULL, NULL, NULL, b'0', 0),
(1212, 0, NULL, NULL, NULL, NULL, b'0', 0),
(1215, 0, NULL, NULL, NULL, NULL, b'0', 0),
(1216, 0, NULL, NULL, NULL, NULL, b'0', 0),
(1217, 0, NULL, NULL, NULL, NULL, b'0', 0),
(1221, 0, NULL, NULL, NULL, NULL, b'0', 0),
(1222, 0, NULL, NULL, NULL, NULL, b'0', 0),
(1224, 0, NULL, NULL, NULL, NULL, b'0', 0),
(1225, 0, NULL, NULL, NULL, NULL, b'0', 0),
(1226, 0, NULL, NULL, NULL, NULL, b'0', 0),
(1227, 0, NULL, NULL, NULL, NULL, b'0', 0),
(1228, 0, NULL, NULL, NULL, NULL, b'0', 0),
(1229, 0, NULL, NULL, NULL, NULL, b'0', 0),
(1230, 0, NULL, NULL, NULL, NULL, b'0', 0),
(1231, 0, NULL, NULL, NULL, NULL, b'0', 0),
(1232, 0, NULL, NULL, NULL, NULL, b'0', 0),
(1233, 0, NULL, NULL, NULL, NULL, b'0', 0),
(1234, 0, NULL, NULL, NULL, NULL, b'0', 0),
(1235, 0, NULL, NULL, NULL, NULL, b'0', 0),
(1236, 0, NULL, NULL, NULL, NULL, b'0', 0),
(1242, 0, NULL, NULL, NULL, NULL, b'0', 0),
(1245, 0, NULL, NULL, NULL, NULL, b'0', 0),
(1250, 0, NULL, NULL, NULL, NULL, b'0', 0),
(1251, 0, NULL, NULL, NULL, NULL, b'0', 0),
(1252, 0, NULL, NULL, NULL, NULL, b'0', 0),
(1258, 0, NULL, NULL, NULL, NULL, b'0', 0),
(1259, 0, NULL, NULL, NULL, NULL, b'0', 0),
(1262, 0, NULL, NULL, NULL, NULL, b'0', 0),
(1265, 0, NULL, NULL, NULL, NULL, b'0', 0),
(1266, 0, NULL, NULL, NULL, NULL, b'0', 0),
(1274, 0, NULL, NULL, NULL, NULL, b'0', 0),
(1275, 0, NULL, NULL, NULL, NULL, b'0', 0),
(1288, 0, NULL, NULL, NULL, NULL, b'0', 0),
(1289, 0, NULL, NULL, NULL, NULL, b'0', 0),
(1319, 0, NULL, NULL, NULL, NULL, b'0', 0),
(1322, 0, NULL, NULL, NULL, NULL, b'0', 0),
(1323, 0, NULL, NULL, NULL, NULL, b'0', 0),
(1336, 0, NULL, NULL, NULL, NULL, b'0', 0),
(1339, 0, NULL, NULL, NULL, NULL, b'0', 0),
(1340, 0, NULL, NULL, NULL, NULL, b'0', 0),
(1343, 0, NULL, NULL, NULL, NULL, b'0', 0),
(1344, 0, NULL, NULL, NULL, NULL, b'0', 0),
(1345, 0, NULL, NULL, NULL, NULL, b'0', 0),
(1346, 0, NULL, NULL, NULL, NULL, b'0', 0),
(1347, 0, NULL, NULL, NULL, NULL, b'0', 0),
(1357, 0, NULL, NULL, NULL, NULL, b'0', 0),
(1361, 0, NULL, NULL, NULL, NULL, b'0', 0),
(1363, 0, NULL, NULL, NULL, NULL, b'0', 0),
(1365, 0, NULL, NULL, NULL, NULL, b'0', 0),
(1370, 0, NULL, NULL, NULL, NULL, b'0', 0),
(1373, 0, NULL, NULL, NULL, NULL, b'0', 0),
(1386, 0, NULL, NULL, NULL, NULL, b'0', 0),
(1387, 0, NULL, NULL, NULL, NULL, b'0', 0),
(1390, 0, NULL, NULL, NULL, NULL, b'0', 0),
(1391, 0, NULL, NULL, NULL, NULL, b'0', 0),
(1392, 0, NULL, NULL, NULL, NULL, b'0', 0),
(1396, 0, NULL, NULL, NULL, NULL, b'0', 0),
(1397, 0, NULL, NULL, NULL, NULL, b'0', 0),
(1411, 0, NULL, NULL, NULL, NULL, b'0', 0),
(1412, 0, NULL, NULL, NULL, NULL, b'0', 0),
(1413, 0, NULL, NULL, NULL, NULL, b'0', 0),
(1414, 0, NULL, NULL, NULL, NULL, b'0', 0),
(1415, 0, NULL, NULL, NULL, NULL, b'0', 0),
(1416, 0, NULL, NULL, NULL, NULL, b'0', 0),
(1418, 0, NULL, NULL, NULL, NULL, b'0', 0),
(1419, 0, NULL, NULL, NULL, NULL, b'0', 0),
(1433, 0, NULL, NULL, NULL, NULL, b'0', 0),
(1437, 0, NULL, NULL, NULL, NULL, b'0', 0),
(1438, 0, NULL, NULL, NULL, NULL, b'0', 0),
(1441, 0, NULL, NULL, NULL, NULL, b'0', 0),
(1455, 0, NULL, NULL, NULL, NULL, b'0', 0),
(1459, 0, NULL, NULL, NULL, NULL, b'0', 0),
(1463, 0, NULL, NULL, NULL, NULL, b'0', 0),
(1467, 0, NULL, NULL, NULL, NULL, b'0', 0),
(1483, 0, NULL, NULL, NULL, NULL, b'0', 0),
(1486, 0, NULL, NULL, NULL, NULL, b'0', 0),
(1487, 0, NULL, NULL, NULL, NULL, b'0', 0),
(1488, 0, NULL, NULL, NULL, NULL, b'0', 0),
(1497, 0, NULL, NULL, NULL, NULL, b'0', 0),
(1498, 0, NULL, NULL, NULL, NULL, b'0', 0),
(1499, 0, NULL, NULL, NULL, NULL, b'0', 0),
(1502, 0, NULL, NULL, NULL, NULL, b'0', 0),
(1503, 0, NULL, NULL, NULL, NULL, b'0', 0),
(1504, 0, NULL, NULL, NULL, NULL, b'0', 0),
(1505, 0, NULL, NULL, NULL, NULL, b'0', 0),
(1511, 0, NULL, NULL, NULL, NULL, b'0', 0),
(1513, 0, NULL, NULL, NULL, NULL, b'0', 0),
(1518, 0, NULL, NULL, NULL, NULL, b'0', 0),
(1519, 0, NULL, NULL, NULL, NULL, b'0', 0),
(1520, 0, NULL, NULL, NULL, NULL, b'0', 0),
(1523, 0, NULL, NULL, NULL, NULL, b'0', 0),
(1524, 0, NULL, NULL, NULL, NULL, b'0', 0),
(1525, 0, NULL, NULL, NULL, NULL, b'0', 0),
(1526, 0, NULL, NULL, NULL, NULL, b'0', 0),
(1527, 0, NULL, NULL, NULL, NULL, b'0', 0),
(1528, 0, NULL, NULL, NULL, NULL, b'0', 0),
(1529, 0, NULL, NULL, NULL, NULL, b'0', 0),
(1530, 0, NULL, NULL, NULL, NULL, b'0', 0),
(1531, 0, NULL, NULL, NULL, NULL, b'0', 0),
(1532, 0, NULL, NULL, NULL, NULL, b'0', 0),
(1535, 0, NULL, NULL, NULL, NULL, b'0', 0),
(1539, 0, NULL, NULL, NULL, NULL, b'0', 0),
(1540, 0, NULL, NULL, NULL, NULL, b'0', 0),
(1545, 0, NULL, NULL, NULL, NULL, b'0', 0),
(1546, 0, NULL, NULL, NULL, NULL, b'0', 0),
(1547, 0, NULL, NULL, NULL, NULL, b'0', 0),
(1548, 0, NULL, NULL, NULL, NULL, b'0', 0),
(1549, 0, NULL, NULL, NULL, NULL, b'0', 0),
(1552, 0, NULL, NULL, NULL, NULL, b'0', 0),
(1553, 0, NULL, NULL, NULL, NULL, b'0', 0),
(1554, 0, NULL, NULL, NULL, NULL, b'0', 0),
(1557, 0, NULL, NULL, NULL, NULL, b'0', 0),
(1558, 0, NULL, NULL, NULL, NULL, b'0', 0),
(1559, 0, NULL, NULL, NULL, NULL, b'0', 0),
(1563, 0, NULL, NULL, NULL, NULL, b'0', 0),
(1564, 0, NULL, NULL, NULL, NULL, b'0', 0),
(1565, 0, NULL, NULL, NULL, NULL, b'0', 0),
(1566, 0, NULL, NULL, NULL, NULL, b'0', 0),
(1567, 0, NULL, NULL, NULL, NULL, b'0', 0),
(1568, 0, NULL, NULL, NULL, NULL, b'0', 0),
(1570, 0, NULL, NULL, NULL, NULL, b'0', 0),
(1572, 0, NULL, NULL, NULL, NULL, b'0', 0),
(1573, 0, NULL, NULL, NULL, NULL, b'0', 0),
(1574, 0, NULL, NULL, NULL, NULL, b'0', 0),
(1575, 0, NULL, NULL, NULL, NULL, b'0', 0),
(1576, 0, NULL, NULL, NULL, NULL, b'0', 0),
(1585, 0, NULL, NULL, NULL, NULL, b'0', 0),
(1586, 0, NULL, NULL, NULL, NULL, b'0', 0),
(1587, 0, NULL, NULL, NULL, NULL, b'0', 0),
(1589, 0, NULL, NULL, NULL, NULL, b'0', 0),
(1590, 0, NULL, NULL, NULL, NULL, b'0', 0),
(1593, 0, NULL, NULL, NULL, NULL, b'0', 0),
(1594, 0, NULL, NULL, NULL, NULL, b'0', 0),
(1595, 0, NULL, NULL, NULL, NULL, b'0', 0),
(1596, 0, NULL, NULL, NULL, NULL, b'0', 0),
(1600, 0, NULL, NULL, NULL, NULL, b'0', 0),
(1601, 0, NULL, NULL, NULL, NULL, b'0', 0),
(1602, 0, NULL, NULL, NULL, NULL, b'0', 0),
(1603, 0, NULL, NULL, NULL, NULL, b'0', 0),
(1604, 0, NULL, NULL, NULL, NULL, b'0', 0),
(1605, 0, NULL, NULL, NULL, NULL, b'0', 0),
(1606, 0, NULL, NULL, NULL, NULL, b'0', 0),
(1607, 0, NULL, NULL, NULL, NULL, b'0', 0),
(1609, 0, NULL, NULL, NULL, NULL, b'0', 0),
(1610, 0, NULL, NULL, NULL, NULL, b'0', 0),
(1612, 0, NULL, NULL, NULL, NULL, b'0', 0),
(1613, 0, NULL, NULL, NULL, NULL, b'0', 0),
(1615, 0, NULL, NULL, NULL, NULL, b'0', 0),
(1616, 0, NULL, NULL, NULL, NULL, b'0', 0),
(1617, 0, NULL, NULL, NULL, NULL, b'0', 0),
(1618, 0, NULL, NULL, NULL, NULL, b'0', 0),
(1619, 0, NULL, NULL, NULL, NULL, b'0', 0),
(1620, 0, NULL, NULL, NULL, NULL, b'0', 0),
(1621, 0, NULL, NULL, NULL, NULL, b'0', 0),
(1622, 0, NULL, NULL, NULL, NULL, b'0', 0),
(1623, 0, NULL, NULL, NULL, NULL, b'0', 0),
(1624, 0, NULL, NULL, NULL, NULL, b'0', 0),
(1625, 0, NULL, NULL, NULL, NULL, b'0', 0),
(1627, 0, NULL, NULL, NULL, NULL, b'0', 0),
(1628, 0, NULL, NULL, NULL, NULL, b'0', 0),
(1629, 0, NULL, NULL, NULL, NULL, b'0', 0),
(1630, 0, NULL, NULL, NULL, NULL, b'0', 0),
(1631, 0, NULL, NULL, NULL, NULL, b'0', 0),
(1634, 0, NULL, NULL, NULL, NULL, b'0', 0),
(1636, 0, NULL, NULL, NULL, NULL, b'0', 0),
(1637, 0, NULL, NULL, NULL, NULL, b'0', 0),
(1638, 0, NULL, NULL, NULL, NULL, b'0', 0),
(1639, 0, NULL, NULL, NULL, NULL, b'0', 0),
(1640, 0, NULL, NULL, NULL, NULL, b'0', 0),
(1641, 0, NULL, NULL, NULL, NULL, b'0', 0),
(1642, 0, NULL, NULL, NULL, NULL, b'0', 0),
(1643, 0, NULL, NULL, NULL, NULL, b'0', 0),
(1650, 0, NULL, NULL, NULL, NULL, b'0', 0),
(1676, 0, NULL, NULL, NULL, NULL, b'0', 0),
(1677, 0, NULL, NULL, NULL, NULL, b'0', 0),
(1678, 0, NULL, NULL, NULL, NULL, b'0', 0),
(1679, 0, NULL, NULL, NULL, NULL, b'0', 0),
(1680, 0, NULL, NULL, NULL, NULL, b'0', 0),
(1682, 0, NULL, NULL, NULL, NULL, b'0', 0),
(1683, 0, NULL, NULL, NULL, NULL, b'0', 0),
(1685, 0, NULL, NULL, NULL, NULL, b'0', 0),
(1702, 0, NULL, NULL, NULL, NULL, b'0', 0),
(1716, 0, NULL, NULL, NULL, NULL, b'0', 0),
(1720, 0, NULL, NULL, NULL, NULL, b'0', 0),
(1722, 0, NULL, NULL, NULL, NULL, b'0', 0),
(1723, 0, NULL, NULL, NULL, NULL, b'0', 0),
(1725, 0, NULL, NULL, NULL, NULL, b'0', 0),
(1726, 0, NULL, NULL, NULL, NULL, b'0', 0),
(1727, 0, NULL, NULL, NULL, NULL, b'0', 0),
(1728, 0, NULL, NULL, NULL, NULL, b'0', 0),
(1729, 0, NULL, NULL, NULL, NULL, b'0', 0),
(1730, 0, NULL, NULL, NULL, NULL, b'0', 0),
(1733, 0, NULL, NULL, NULL, NULL, b'0', 0),
(1734, 0, NULL, NULL, NULL, NULL, b'0', 0),
(1736, 0, NULL, NULL, NULL, NULL, b'0', 0),
(1737, 0, NULL, NULL, NULL, NULL, b'0', 0),
(1739, 0, NULL, NULL, NULL, NULL, b'0', 0),
(1744, 0, NULL, NULL, NULL, NULL, b'0', 0),
(1745, 0, NULL, NULL, NULL, NULL, b'0', 0),
(1746, 0, NULL, NULL, NULL, NULL, b'0', 0),
(1747, 0, NULL, NULL, NULL, NULL, b'0', 0),
(1748, 0, NULL, NULL, NULL, NULL, b'0', 0),
(1749, 0, NULL, NULL, NULL, NULL, b'0', 0),
(1750, 0, NULL, NULL, NULL, NULL, b'0', 0),
(1751, 0, NULL, NULL, NULL, NULL, b'0', 0),
(1752, 0, NULL, NULL, NULL, NULL, b'0', 0),
(1753, 0, NULL, NULL, NULL, NULL, b'0', 0),
(1754, 0, NULL, NULL, NULL, NULL, b'0', 0),
(1755, 0, NULL, NULL, NULL, NULL, b'0', 0),
(1756, 0, NULL, NULL, NULL, NULL, b'0', 0),
(1761, 0, NULL, NULL, NULL, NULL, b'0', 0),
(1770, 0, NULL, NULL, NULL, NULL, b'0', 0),
(1771, 0, NULL, NULL, NULL, NULL, b'0', 0),
(1772, 0, NULL, NULL, NULL, NULL, b'0', 0),
(1773, 0, NULL, NULL, NULL, NULL, b'0', 0),
(1774, 0, NULL, NULL, NULL, NULL, b'0', 0),
(1793, 0, NULL, NULL, NULL, NULL, b'0', 0),
(1796, 0, NULL, NULL, NULL, NULL, b'0', 0),
(1797, 0, NULL, NULL, NULL, NULL, b'0', 0),
(1801, 0, NULL, NULL, NULL, NULL, b'0', 0),
(1803, 0, NULL, NULL, NULL, NULL, b'0', 0),
(1804, 0, NULL, NULL, NULL, NULL, b'0', 0),
(1806, 0, NULL, NULL, NULL, NULL, b'0', 0),
(1810, 0, NULL, NULL, NULL, NULL, b'0', 0),
(1811, 0, NULL, NULL, NULL, NULL, b'0', 0),
(1812, 0, NULL, NULL, NULL, NULL, b'0', 0),
(1813, 0, NULL, NULL, NULL, NULL, b'0', 0),
(1814, 0, NULL, NULL, NULL, NULL, b'0', 0),
(1815, 0, NULL, NULL, NULL, NULL, b'0', 0),
(1816, 0, NULL, NULL, NULL, NULL, b'0', 0),
(1817, 0, NULL, NULL, NULL, NULL, b'0', 0),
(1818, 0, NULL, NULL, NULL, NULL, b'0', 0),
(1819, 0, NULL, NULL, NULL, NULL, b'0', 0),
(1820, 0, NULL, NULL, NULL, NULL, b'0', 0),
(1821, 0, NULL, NULL, NULL, NULL, b'0', 0),
(1824, 0, NULL, NULL, NULL, NULL, b'0', 0),
(1825, 0, NULL, NULL, NULL, NULL, b'0', 0),
(1826, 0, NULL, NULL, NULL, NULL, b'0', 0),
(1827, 0, NULL, NULL, NULL, NULL, b'0', 0),
(1828, 0, NULL, NULL, NULL, NULL, b'0', 0),
(1829, 0, NULL, NULL, NULL, NULL, b'0', 0),
(1830, 0, NULL, NULL, NULL, NULL, b'0', 0),
(1831, 0, NULL, NULL, NULL, NULL, b'0', 0),
(1832, 0, NULL, NULL, NULL, NULL, b'0', 0),
(1838, 0, NULL, NULL, NULL, NULL, b'0', 0),
(1842, 0, NULL, NULL, NULL, NULL, b'0', 0),
(1843, 0, NULL, NULL, NULL, NULL, b'0', 0),
(1844, 0, NULL, NULL, NULL, NULL, b'0', 0),
(1845, 0, NULL, NULL, NULL, NULL, b'0', 0),
(1846, 0, NULL, NULL, NULL, NULL, b'0', 0),
(1847, 0, NULL, NULL, NULL, NULL, b'0', 0),
(1848, 0, NULL, NULL, NULL, NULL, b'0', 0),
(1849, 0, NULL, NULL, NULL, NULL, b'0', 0),
(1850, 0, NULL, NULL, NULL, NULL, b'0', 0),
(1851, 0, NULL, NULL, NULL, NULL, b'0', 0),
(1852, 0, NULL, NULL, NULL, NULL, b'0', 0),
(1853, 0, NULL, NULL, NULL, NULL, b'0', 0),
(1854, 0, NULL, NULL, NULL, NULL, b'0', 0),
(1855, 0, NULL, NULL, NULL, NULL, b'0', 0),
(1856, 0, NULL, NULL, NULL, NULL, b'0', 0),
(1857, 0, NULL, NULL, NULL, NULL, b'0', 0),
(1858, 0, NULL, NULL, NULL, NULL, b'0', 0),
(1859, 0, NULL, NULL, NULL, NULL, b'0', 0),
(1860, 0, NULL, NULL, NULL, NULL, b'0', 0),
(1861, 0, NULL, NULL, NULL, NULL, b'0', 0),
(1862, 0, NULL, NULL, NULL, NULL, b'0', 0),
(1863, 0, NULL, NULL, NULL, NULL, b'0', 0),
(1864, 0, NULL, NULL, NULL, NULL, b'0', 0),
(1866, 0, NULL, NULL, NULL, NULL, b'0', 0),
(1868, 0, NULL, NULL, NULL, NULL, b'0', 0),
(1869, 0, NULL, NULL, NULL, NULL, b'0', 0),
(1871, 0, NULL, NULL, NULL, NULL, b'0', 0),
(1872, 0, NULL, NULL, NULL, NULL, b'0', 0),
(1873, 0, NULL, NULL, NULL, NULL, b'0', 0),
(1874, 0, NULL, NULL, NULL, NULL, b'0', 0),
(1875, 0, NULL, NULL, NULL, NULL, b'0', 0),
(1876, 0, NULL, NULL, NULL, NULL, b'0', 0),
(1877, 0, NULL, NULL, NULL, NULL, b'0', 0),
(1878, 0, NULL, NULL, NULL, NULL, b'0', 0),
(1879, 0, NULL, NULL, NULL, NULL, b'0', 0),
(1880, 0, NULL, NULL, NULL, NULL, b'0', 0),
(1881, 0, NULL, NULL, NULL, NULL, b'0', 0),
(1882, 0, NULL, NULL, NULL, NULL, b'0', 0),
(1883, 0, NULL, NULL, NULL, NULL, b'0', 0),
(1884, 0, NULL, NULL, NULL, NULL, b'0', 0),
(1885, 0, NULL, NULL, NULL, NULL, b'0', 0),
(1887, 0, NULL, NULL, NULL, NULL, b'0', 0),
(1889, 0, NULL, NULL, NULL, NULL, b'0', 0),
(1891, 0, NULL, NULL, NULL, NULL, b'0', 0),
(1892, 0, NULL, NULL, NULL, NULL, b'0', 0),
(1893, 0, NULL, NULL, NULL, NULL, b'0', 0),
(1894, 0, NULL, NULL, NULL, NULL, b'0', 0),
(1895, 0, NULL, NULL, NULL, NULL, b'0', 0),
(1896, 0, NULL, NULL, NULL, NULL, b'0', 0),
(1897, 0, NULL, NULL, NULL, NULL, b'0', 0),
(1898, 0, NULL, NULL, NULL, NULL, b'0', 0),
(1899, 0, NULL, NULL, NULL, NULL, b'0', 0),
(1900, 0, NULL, NULL, NULL, NULL, b'0', 0),
(1901, 0, NULL, NULL, NULL, NULL, b'0', 0),
(1902, 0, NULL, NULL, NULL, NULL, b'0', 0),
(1903, 0, NULL, NULL, NULL, NULL, b'0', 0),
(1904, 0, NULL, NULL, NULL, NULL, b'0', 0),
(1905, 0, NULL, NULL, NULL, NULL, b'0', 0),
(1906, 0, NULL, NULL, NULL, NULL, b'0', 0),
(1907, 0, NULL, NULL, NULL, NULL, b'0', 0),
(1908, 0, NULL, NULL, NULL, NULL, b'0', 0),
(1909, 0, NULL, NULL, NULL, NULL, b'0', 0),
(1910, 0, NULL, NULL, NULL, NULL, b'0', 0),
(1911, 0, NULL, NULL, NULL, NULL, b'0', 0),
(1912, 0, NULL, NULL, NULL, NULL, b'0', 0),
(1913, 0, NULL, NULL, NULL, NULL, b'0', 0),
(1914, 0, NULL, NULL, NULL, NULL, b'0', 0),
(1915, 0, NULL, NULL, NULL, NULL, b'0', 0),
(1916, 0, NULL, NULL, NULL, NULL, b'0', 0),
(1917, 0, NULL, NULL, NULL, NULL, b'0', 0),
(1918, 0, NULL, NULL, NULL, NULL, b'0', 0),
(1919, 0, NULL, NULL, NULL, NULL, b'0', 0),
(1920, 0, NULL, NULL, NULL, NULL, b'0', 0),
(1921, 0, NULL, NULL, NULL, NULL, b'0', 0),
(1922, 0, NULL, NULL, NULL, NULL, b'0', 0),
(1923, 0, NULL, NULL, NULL, NULL, b'0', 0),
(1924, 0, NULL, NULL, NULL, NULL, b'0', 0),
(1925, 0, NULL, NULL, NULL, NULL, b'0', 0),
(1926, 0, NULL, NULL, NULL, NULL, b'0', 0),
(1927, 0, NULL, NULL, NULL, NULL, b'0', 0),
(1928, 0, NULL, NULL, NULL, NULL, b'0', 0),
(1929, 0, NULL, NULL, NULL, NULL, b'0', 0),
(1930, 0, NULL, NULL, NULL, NULL, b'0', 0),
(1931, 0, NULL, NULL, NULL, NULL, b'0', 0),
(1932, 0, NULL, NULL, NULL, NULL, b'0', 0),
(1933, 0, NULL, NULL, NULL, NULL, b'0', 0),
(1934, 0, NULL, NULL, NULL, NULL, b'0', 0),
(1935, 0, NULL, NULL, NULL, NULL, b'0', 0),
(1936, 0, NULL, NULL, NULL, NULL, b'0', 0),
(1937, 0, NULL, NULL, NULL, NULL, b'0', 0),
(1938, 0, NULL, NULL, NULL, NULL, b'0', 0),
(1939, 0, NULL, NULL, NULL, NULL, b'0', 0),
(1940, 0, NULL, NULL, NULL, NULL, b'0', 0),
(1941, 0, NULL, NULL, NULL, NULL, b'0', 0),
(1942, 0, NULL, NULL, NULL, NULL, b'0', 0),
(1943, 0, NULL, NULL, NULL, NULL, b'0', 0),
(1944, 0, NULL, NULL, NULL, NULL, b'0', 0),
(1945, 0, NULL, NULL, NULL, NULL, b'0', 0),
(1946, 0, NULL, NULL, NULL, NULL, b'0', 0),
(1947, 0, NULL, NULL, NULL, NULL, b'0', 0),
(1948, 0, NULL, NULL, NULL, NULL, b'0', 0),
(1949, 0, NULL, NULL, NULL, NULL, b'0', 0),
(1950, 0, NULL, NULL, NULL, NULL, b'0', 0),
(1951, 0, NULL, NULL, NULL, NULL, b'0', 0),
(1952, 0, NULL, NULL, NULL, NULL, b'0', 0),
(1953, 0, NULL, NULL, NULL, NULL, b'0', 0),
(1954, 0, NULL, NULL, NULL, NULL, b'0', 0),
(1955, 0, NULL, NULL, NULL, NULL, b'0', 0),
(1956, 0, NULL, NULL, NULL, NULL, b'0', 0),
(1957, 0, NULL, NULL, NULL, NULL, b'0', 0),
(1958, 0, NULL, NULL, NULL, NULL, b'0', 0),
(1959, 0, NULL, NULL, NULL, NULL, b'0', 0),
(1960, 0, NULL, NULL, NULL, NULL, b'0', 0),
(1961, 0, NULL, NULL, NULL, NULL, b'0', 0),
(1962, 0, NULL, NULL, NULL, NULL, b'0', 0),
(1963, 0, NULL, NULL, NULL, NULL, b'0', 0),
(1964, 0, NULL, NULL, NULL, NULL, b'0', 0),
(1965, 0, NULL, NULL, NULL, NULL, b'0', 0),
(1966, 0, NULL, NULL, NULL, NULL, b'0', 0),
(1967, 0, NULL, NULL, NULL, NULL, b'0', 0),
(1968, 0, NULL, NULL, NULL, NULL, b'0', 0),
(1969, 0, NULL, NULL, NULL, NULL, b'0', 0),
(1970, 0, NULL, NULL, NULL, NULL, b'0', 0),
(1971, 0, NULL, NULL, NULL, NULL, b'0', 0),
(1972, 0, NULL, NULL, NULL, NULL, b'0', 0),
(1973, 0, NULL, NULL, NULL, NULL, b'0', 0),
(1974, 0, NULL, NULL, NULL, NULL, b'0', 0),
(1975, 0, NULL, NULL, NULL, NULL, b'0', 0),
(1976, 0, NULL, NULL, NULL, NULL, b'0', 0),
(1977, 0, NULL, NULL, NULL, NULL, b'0', 0),
(1978, 0, NULL, NULL, NULL, NULL, b'0', 0),
(1979, 0, NULL, NULL, NULL, NULL, b'0', 0),
(1980, 0, NULL, NULL, NULL, NULL, b'0', 0),
(1981, 0, NULL, NULL, NULL, NULL, b'0', 0),
(1986, 0, NULL, NULL, NULL, NULL, b'0', 0),
(1993, 0, NULL, NULL, NULL, NULL, b'0', 0),
(2000, 0, NULL, NULL, NULL, NULL, b'0', 0),
(2013, 0, NULL, NULL, NULL, NULL, b'0', 0),
(2015, 0, NULL, NULL, NULL, NULL, b'0', 0),
(2016, 0, NULL, NULL, NULL, NULL, b'0', 0),
(2017, 0, NULL, NULL, NULL, NULL, b'0', 0);

-- --------------------------------------------------------

--
-- Table structure for table `COURSE_USER`
--

CREATE TABLE IF NOT EXISTS `COURSE_USER` (
  `CourseID` int(11) NOT NULL,
  `UserID` int(11) NOT NULL,
  PRIMARY KEY (`CourseID`,`UserID`),
  KEY `FK_hqkm7mj3y2ljxx5hi4lgiab9b` (`UserID`)
) ENGINE=InnoDB DEFAULT CHARSET=latin1;

--
-- Dumping data for table `COURSE_USER`
--

INSERT INTO `COURSE_USER` (`CourseID`, `UserID`) VALUES
(5, 241);

-- --------------------------------------------------------

--
-- Table structure for table `ENTRY`
--

CREATE TABLE IF NOT EXISTS `ENTRY` (
  `ProgramID` int(11) NOT NULL AUTO_INCREMENT,
  `Frozen` bit(1) DEFAULT NULL,
  `indexInCourseComponent` int(11) DEFAULT NULL,
  `StartingDate` datetime DEFAULT NULL,
  `CourseComponentID` int(11) DEFAULT NULL,
  `RoomID` int(11) DEFAULT NULL,
  PRIMARY KEY (`ProgramID`),
  KEY `FK_ldwfma4xv2itm8v11sgmcxir8` (`CourseComponentID`),
  KEY `FK_4alfwa6cmee78xr49n93948ps` (`RoomID`)
) ENGINE=InnoDB  DEFAULT CHARSET=latin1 AUTO_INCREMENT=4 ;

-- --------------------------------------------------------

--
-- Table structure for table `FACULTY`
--

CREATE TABLE IF NOT EXISTS `FACULTY` (
  `FacultyID` int(11) NOT NULL AUTO_INCREMENT,
  `FacultyName` varchar(255) DEFAULT NULL,
  `InstitutionID` int(11) DEFAULT NULL,
  PRIMARY KEY (`FacultyID`),
  KEY `FK_egauwjelar85h0t5gy2j5mlt4` (`InstitutionID`)
) ENGINE=InnoDB  DEFAULT CHARSET=latin1 AUTO_INCREMENT=2 ;

--
-- Dumping data for table `FACULTY`
--

INSERT INTO `FACULTY` (`FacultyID`, `FacultyName`, `InstitutionID`) VALUES
(1, 'Faculteit Wetenschappen', 1);

-- --------------------------------------------------------

--
-- Table structure for table `FLOOR`
--

CREATE TABLE IF NOT EXISTS `FLOOR` (
  `FloorID` int(11) NOT NULL AUTO_INCREMENT,
  `Floor` int(11) DEFAULT NULL,
  `BuildingID` bigint(20) DEFAULT NULL,
  PRIMARY KEY (`FloorID`),
  KEY `FK_s0hmgkngdylpb4syis4fbsrj6` (`BuildingID`)
) ENGINE=InnoDB  DEFAULT CHARSET=latin1 AUTO_INCREMENT=23 ;

--
-- Dumping data for table `FLOOR`
--

INSERT INTO `FLOOR` (`FloorID`, `Floor`, `BuildingID`) VALUES
(1, 0, 1),
(2, 0, 2),
(3, 1, 2),
(4, 2, 2),
(5, 3, 2),
(6, 0, 3),
(7, 2, 3),
(8, 3, 3),
(9, 2, 4),
(10, 4, 4),
(11, 5, 4),
(12, 1, 5),
(13, 6, 5),
(14, 0, 6),
(15, 2, 6),
(16, 0, 7),
(17, 2, 7),
(18, 4, 7),
(19, 1, 8),
(20, 1, 3),
(21, 1, 6),
(22, 3, 6);

-- --------------------------------------------------------

--
-- Table structure for table `GENERATED_KEY`
--

CREATE TABLE IF NOT EXISTS `GENERATED_KEY` (
  `KeyID` int(11) NOT NULL AUTO_INCREMENT,
  `KeyPermission` int(11) DEFAULT NULL,
  `KeyString` varchar(255) DEFAULT NULL,
  `UserID` int(11) DEFAULT NULL,
  PRIMARY KEY (`KeyID`)
) ENGINE=InnoDB  DEFAULT CHARSET=latin1 AUTO_INCREMENT=7 ;

--
-- Dumping data for table `GENERATED_KEY`
--

INSERT INTO `GENERATED_KEY` (`KeyID`, `KeyPermission`, `KeyString`, `UserID`) VALUES
(5, 0, '1086165516082787700607197241339490206633134687770688856288946069891894081458374032471838871531341132145843736722773403022402153878290345787542938030790', 243);

-- --------------------------------------------------------

--
-- Table structure for table `INSTITUTION`
--

CREATE TABLE IF NOT EXISTS `INSTITUTION` (
  `InstitutionID` int(11) NOT NULL AUTO_INCREMENT,
  `InstitutionName` varchar(255) DEFAULT NULL,
  PRIMARY KEY (`InstitutionID`)
) ENGINE=InnoDB  DEFAULT CHARSET=latin1 AUTO_INCREMENT=2 ;

--
-- Dumping data for table `INSTITUTION`
--

INSERT INTO `INSTITUTION` (`InstitutionID`, `InstitutionName`) VALUES
(1, 'VUB');

-- --------------------------------------------------------

--
-- Table structure for table `PERSON`
--

CREATE TABLE IF NOT EXISTS `PERSON` (
  `PersonID` int(11) NOT NULL AUTO_INCREMENT,
  `Birthdate` datetime DEFAULT NULL,
  `Email` varchar(255) NOT NULL,
  `FirstName` varchar(255) NOT NULL,
  `LastName` varchar(255) NOT NULL,
  PRIMARY KEY (`PersonID`)
) ENGINE=InnoDB  DEFAULT CHARSET=latin1 AUTO_INCREMENT=245 ;

--
-- Dumping data for table `PERSON`
--

INSERT INTO `PERSON` (`PersonID`, `Birthdate`, `Email`, `FirstName`, `LastName`) VALUES
(1, '3890-03-01 00:00:00', 'leermakers.martine.thisisatest@vub.ac.be', 'Martine', 'LEERMAKERS'),
(2, '3890-03-01 00:00:00', 'detroyer.olga.thisisatest@vub.ac.be', 'OLGA', 'DE TROYER'),
(3, '3890-03-01 00:00:00', 'debruyne.christophe.thisisatest@vub.ac.be', 'Christophe', 'DEBRUYNE'),
(4, '3890-03-01 00:00:00', 'meersman.robert.thisisatest@vub.ac.be', 'Robert', 'MEERSMAN'),
(5, '3890-03-01 00:00:00', 'demeuter.wolfgang.thisisatest@vub.ac.be', 'Wolfgang', 'DE MEUTER'),
(6, '3890-03-01 00:00:00', 'keppens.edward.thisisatest@vub.ac.be', 'Edward', 'KEPPENS'),
(7, '3890-03-01 00:00:00', 'leyns.luc.thisisatest@vub.ac.be', 'Luc', 'LEYNS'),
(8, '3890-03-01 00:00:00', 'vanbekbergen.nele.thisisatest@vub.ac.be', 'Nele', 'VANBEKBERGEN'),
(9, '3890-03-01 00:00:00', 'hernalsteens.jean-pierre.thisisatest@vub.ac.be', 'Jean-Pierre', 'HERNALSTEENS'),
(10, '3890-03-01 00:00:00', 'dhondt.jorgen.thisisatest@vub.ac.be', 'Jorgen', 'DHONDT'),
(11, '3890-03-01 00:00:00', 'maes.michael.thisisatest@vub.ac.be', 'Michael', 'MAES'),
(12, '3890-03-01 00:00:00', 'blyweert.stijn.thisisatest@vub.ac.be', 'Stijn', 'BLYWEERT'),
(13, '3890-03-01 00:00:00', 'verschaffelt.guy.thisisatest@vub.ac.be', 'Guy', 'VERSCHAFFELT'),
(14, '3890-03-01 00:00:00', 'vandersande.guy.thisisatest@vub.ac.be', 'Guy', 'VAN DER SANDE'),
(15, '3890-03-01 00:00:00', 'vancutsem.tom.thisisatest@vub.ac.be', 'Tom', 'VAN CUTSEM'),
(16, '3890-03-01 00:00:00', 'charlier.daniel.thisisatest@vub.ac.be', 'Daniel', 'CHARLIER'),
(17, '3890-03-01 00:00:00', 'muyldermans.serge.thisisatest@vub.ac.be', 'Serge', 'MUYLDERMANS'),
(18, '3890-03-01 00:00:00', 'eeltink.sebastiaan.thisisatest@vub.ac.be', 'Sebastiaan', 'EELTINK'),
(19, '3890-03-01 00:00:00', 'vandermeeren.paul.thisisatest@vub.ac.be', 'Paul', 'VAN DER MEEREN'),
(20, '3890-03-01 00:00:00', 'kochzius.marc.thisisatest@vub.ac.be', 'Marc', 'KOCHZIUS'),
(21, '3890-03-01 00:00:00', 'we.decaan.thisisatest@vub.ac.be', 'Decaan', 'WE'),
(22, '3890-03-01 00:00:00', 'craps.ben.thisisatest@vub.ac.be', 'Ben', 'CRAPS'),
(23, '3890-03-01 00:00:00', 'denayer.joeri.thisisatest@vub.ac.be', 'Joeri', 'DENAYER'),
(24, '3890-03-01 00:00:00', 'devuyst.luc.thisisatest@vub.ac.be', 'Luc', 'DE VUYST'),
(25, '3890-03-01 00:00:00', 'vanmele.bruno.thisisatest@vub.ac.be', 'BRUNO', 'VAN MELE'),
(26, '3890-03-01 00:00:00', 'verniest.guido.thisisatest@vub.ac.be', 'Guido', 'VERNIEST'),
(27, '3890-03-01 00:00:00', 'vanassche.guy.thisisatest@vub.ac.be', 'Guy', 'VAN ASSCHE'),
(28, '3890-03-01 00:00:00', 'windels.bart.thisisatest@vub.ac.be', 'Bart', 'WINDELS'),
(29, '3890-03-01 00:00:00', 'kieboom.rudger.thisisatest@vub.ac.be', 'Rudger', 'KIEBOOM'),
(30, '3890-03-01 00:00:00', 'sevrin.alexandre.thisisatest@vub.ac.be', 'Alexandre', 'SEVRIN'),
(31, '3890-03-01 00:00:00', 'vanassche.tom.thisisatest@vub.ac.be', 'Tom', 'VAN ASSCHE'),
(32, '3890-03-01 00:00:00', 'now?.ann.thisisatest@vub.ac.be', 'Ann', 'NOW?'),
(33, '3890-03-01 00:00:00', 'meskensad.jozef.thisisatest@vub.ac.be', 'Jozef', 'MESKENS Ad'),
(34, '3890-03-01 00:00:00', 'dehairs.frank.thisisatest@vub.ac.be', 'Frank', 'DEHAIRS'),
(35, '3890-03-01 00:00:00', 'einmahl.uwe.thisisatest@vub.ac.be', 'UWE', 'EINMAHL'),
(36, '3890-03-01 00:00:00', 'willaert.ronnie.thisisatest@vub.ac.be', 'Ronnie', 'WILLAERT'),
(37, '3890-03-01 00:00:00', 'magez.stefan.thisisatest@vub.ac.be', 'Stefan', 'MAGEZ'),
(38, '3890-03-01 00:00:00', 'goddeeris.bruno.thisisatest@vub.ac.be', 'Bruno', 'GODDEERIS'),
(39, '3890-03-01 00:00:00', 'vandriessche.edilbert.thisisatest@vub.ac.be', 'Edilbert', 'VAN DRIESSCHE'),
(40, '3890-03-01 00:00:00', 'debaetselier.patrick.thisisatest@vub.ac.be', 'Patrick', 'DE BAETSELIER'),
(41, '3890-03-01 00:00:00', 'odongo.steven.thisisatest@vub.ac.be', 'Steven', 'ODONGO'),
(42, '3890-03-01 00:00:00', 'willems.rudi.thisisatest@vub.ac.be', 'Rudi', 'WILLEMS'),
(43, '3890-03-01 00:00:00', 'hassanzadehghassabeh.gholamreza.thisisatest@vub.ac.be', 'Gholamreza', 'HASSANZADEH GHASSABEH'),
(44, '3890-03-01 00:00:00', 'cornelis.pierre.thisisatest@vub.ac.be', 'Pierre', 'CORNELIS'),
(45, '3890-03-01 00:00:00', 'beeckmans.sonia.thisisatest@vub.ac.be', 'Sonia', 'BEECKMANS'),
(46, '3890-03-01 00:00:00', 'wilms.rudi.thisisatest@vub.ac.be', 'Rudi', 'Wilms'),
(47, '3890-03-01 00:00:00', 'maes.dominique.thisisatest@vub.ac.be', 'Dominique', 'MAES'),
(48, '3890-03-01 00:00:00', 'degreve.henri.thisisatest@vub.ac.be', 'Henri', 'DE GREVE'),
(49, '3890-03-01 00:00:00', 'deproft.frank.thisisatest@vub.ac.be', 'Frank', 'DE PROFT'),
(50, '3890-03-01 00:00:00', 'loris.remy.thisisatest@vub.ac.be', 'Remy', 'LORIS'),
(51, '3890-03-01 00:00:00', 'nieuwenhuysen.paul.thisisatest@vub.ac.be', 'Paul', 'NIEUWENHUYSEN'),
(52, '3890-03-01 00:00:00', 'deelstra.griselda.thisisatest@vub.ac.be', 'Griselda', 'DEELSTRA'),
(53, '3890-03-01 00:00:00', 'signer.beat.thisisatest@vub.ac.be', 'Beat', 'SIGNER'),
(54, '3890-03-01 00:00:00', 'roels.reinout.thisisatest@vub.ac.be', 'Reinout', 'ROELS'),
(55, '3890-03-01 00:00:00', 'verlaak.robert.thisisatest@vub.ac.be', 'Robert', 'VERLAAK'),
(56, '3890-03-01 00:00:00', 'everaert.kim.thisisatest@vub.ac.be', 'Kim', 'EVERAERT'),
(57, '3890-03-01 00:00:00', 'vangeertruyden.jean-pierre.thisisatest@vub.ac.be', 'Jean-Pierre', 'VAN GEERTRUYDEN'),
(58, '3890-03-01 00:00:00', 'weyler.joost.thisisatest@vub.ac.be', 'Joost', 'WEYLER'),
(59, '3890-03-01 00:00:00', 'vanhul.wim.thisisatest@vub.ac.be', 'Wim', 'VAN HUL'),
(60, '3890-03-01 00:00:00', 'chuah.marinee.thisisatest@vub.ac.be', 'Marinee', 'CHUAH'),
(61, '3890-03-01 00:00:00', 'jespers.eric.thisisatest@vub.ac.be', 'Eric', 'JESPERS'),
(62, '3890-03-01 00:00:00', 'hauspie.roland.thisisatest@vub.ac.be', 'Roland', 'HAUSPIE'),
(63, '3890-03-01 00:00:00', 'kellens.andy.thisisatest@vub.ac.be', 'Andy', 'KELLENS'),
(64, '3890-03-01 00:00:00', 'deboer.bart.thisisatest@vub.ac.be', 'Bart', 'DE BOER'),
(65, '3890-03-01 00:00:00', 'baeyens.audrey.thisisatest@vub.ac.be', 'Audrey', 'BAEYENS'),
(66, '3890-03-01 00:00:00', 'cammue.bruno.thisisatest@vub.ac.be', 'Bruno', 'CAMMUE'),
(67, '3890-03-01 00:00:00', 'smets.erik.thisisatest@vub.ac.be', 'Erik', 'Smets'),
(68, '3890-03-01 00:00:00', 'leroy.frederic.thisisatest@vub.ac.be', 'Frederic', 'LEROY'),
(69, '3890-03-01 00:00:00', 'vanginderachter.jo.thisisatest@vub.ac.be', 'Jo', 'VAN GINDERACHTER'),
(70, '3890-03-01 00:00:00', 'brants.johan.thisisatest@vub.ac.be', 'Johan', 'BRANTS'),
(71, '3890-03-01 00:00:00', 'vanderheyden.patrick.thisisatest@vub.ac.be', 'Patrick', 'VANDERHEYDEN'),
(72, '3890-03-01 00:00:00', 'vauquelin.georges.thisisatest@vub.ac.be', 'Georges', 'VAUQUELIN'),
(73, '3890-03-01 00:00:00', 'ballet.steven.thisisatest@vub.ac.be', 'Steven', 'BALLET'),
(74, '3890-03-01 00:00:00', 'jonckers.viviane.thisisatest@vub.ac.be', 'Viviane', 'JONCKERS'),
(75, '3890-03-01 00:00:00', 'bassens.david.thisisatest@vub.ac.be', 'David', 'BASSENS'),
(76, '3890-03-01 00:00:00', 'raes.geert.thisisatest@vub.ac.be', 'Geert', 'RAES'),
(77, '3890-03-01 00:00:00', 'vanderperre.stijn.thisisatest@vub.ac.be', 'Stijn', 'VAN DER PERRE'),
(78, '3890-03-01 00:00:00', 'couck.sarah.thisisatest@vub.ac.be', 'Sarah', 'COUCK'),
(79, '3890-03-01 00:00:00', 'angenon.geert.thisisatest@vub.ac.be', 'GEERT', 'ANGENON'),
(80, '3890-03-01 00:00:00', 'kempenaers.walter.thisisatest@vub.ac.be', 'Walter', 'KEMPENAERS'),
(81, '3890-03-01 00:00:00', 'burssens.sylvia.thisisatest@vub.ac.be', 'Sylvia', 'BURSSENS'),
(82, '3890-03-01 00:00:00', 'mathijs.erik.thisisatest@vub.ac.be', 'Erik', 'MATHIJS'),
(83, '3890-03-01 00:00:00', 'tollens.eric.thisisatest@vub.ac.be', 'Eric', 'TOLLENS'),
(84, '3890-03-01 00:00:00', 'demalsche.wim.thisisatest@vub.ac.be', 'Wim', 'DE MALSCHE'),
(85, '3890-03-01 00:00:00', 'versees.wim.thisisatest@vub.ac.be', 'Wim', 'VERSEES'),
(86, '3890-03-01 00:00:00', 'vandewater.karen.thisisatest@vub.ac.be', 'Karen', 'VAN DE WATER'),
(87, '3890-03-01 00:00:00', 'croux.christophe.thisisatest@vub.ac.be', 'Christophe', 'CROUX'),
(88, '3890-03-01 00:00:00', 'segers.anna-karina.thisisatest@vub.ac.be', 'Anna-Karina', 'SEGERS'),
(89, '3890-03-01 00:00:00', 'triest.ludwig.thisisatest@vub.ac.be', 'Ludwig', 'TRIEST'),
(90, '3890-03-01 00:00:00', 'oldeventerink.harry.thisisatest@vub.ac.be', 'Harry', 'OLDE VENTERINK'),
(91, '3890-03-01 00:00:00', 'tompa.peter.thisisatest@vub.ac.be', 'Peter', 'TOMPA'),
(92, '3890-03-01 00:00:00', 'guharoy.mainak.thisisatest@vub.ac.be', 'Mainak', 'GUHA ROY'),
(93, '3890-03-01 00:00:00', 'koedam.nico.thisisatest@vub.ac.be', 'Nico', 'KOEDAM'),
(94, '3890-03-01 00:00:00', 'bossuyt.franky.thisisatest@vub.ac.be', 'Franky', 'BOSSUYT'),
(95, '3890-03-01 00:00:00', 'vanderven.rosa.thisisatest@vub.ac.be', 'Rosa', 'VAN DER VEN'),
(96, '3890-03-01 00:00:00', 'blommaert.joris.thisisatest@vub.ac.be', 'Joris', 'BLOMMAERT'),
(97, '3890-03-01 00:00:00', 'mennekens.nicki.thisisatest@vub.ac.be', 'Nicki', 'MENNEKENS'),
(98, '3890-03-01 00:00:00', 'degreve.jean.thisisatest@vub.ac.be', 'Jean', 'DE GREVE'),
(99, '3890-03-01 00:00:00', 'touhafi.abdellah.thisisatest@vub.ac.be', 'Abdellah', 'TOUHAFI'),
(100, '3890-03-01 00:00:00', 'geerardyn.dave.thisisatest@vub.ac.be', 'Dave', 'GEERARDYN'),
(101, '3890-03-01 00:00:00', 'deroover.coen.thisisatest@vub.ac.be', 'Coen', 'DE ROOVER'),
(102, '3890-03-01 00:00:00', 'pot.bruno.thisisatest@vub.ac.be', 'BRUNO', 'POT'),
(103, '3890-03-01 00:00:00', 'desmet.gert.thisisatest@vub.ac.be', 'Gert', 'DESMET'),
(104, '3890-03-01 00:00:00', 'weckx.stefan.thisisatest@vub.ac.be', 'Stefan', 'WECKX'),
(105, '3890-03-01 00:00:00', 'deschepper.peter.thisisatest@vub.ac.be', 'Peter', 'DE SCHEPPER'),
(106, '3890-03-01 00:00:00', 'remaut.hankarel.thisisatest@vub.ac.be', 'Han Karel', 'REMAUT'),
(107, '3890-03-01 00:00:00', 'vandendriessche.thierry.thisisatest@vub.ac.be', 'Thierry', 'VANDENDRIESSCHE'),
(108, '3890-03-01 00:00:00', 'broeckhoven.ken.thisisatest@vub.ac.be', 'Ken', 'BROECKHOVEN'),
(109, '3890-03-01 00:00:00', 'declercq.catherine.thisisatest@vub.ac.be', 'Catherine', 'DE CLERCQ'),
(110, '3890-03-01 00:00:00', 'ryckbosch.dirk.thisisatest@vub.ac.be', 'Dirk', 'RYCKBOSCH'),
(111, '3890-03-01 00:00:00', 'waelkens.christoffel.thisisatest@vub.ac.be', 'Christoffel', 'WAELKENS'),
(112, '3890-03-01 00:00:00', 'lowette.steven.thisisatest@vub.ac.be', 'Steven', 'LOWETTE'),
(113, '3890-03-01 00:00:00', 'frere.jean-marie.thisisatest@vub.ac.be', 'Jean-Marie', 'FRERE'),
(114, '3890-03-01 00:00:00', 'vanproeyen.antoine.thisisatest@vub.ac.be', 'Antoine', 'VAN PROEYEN'),
(115, '3890-03-01 00:00:00', 'claeys.philippe.thisisatest@vub.ac.be', 'Philippe', 'CLAEYS'),
(116, '3890-03-01 00:00:00', 'messens.joris.thisisatest@vub.ac.be', 'Joris', 'MESSENS'),
(117, '3890-03-01 00:00:00', 'steels.luc.thisisatest@vub.ac.be', 'Luc', 'STEELS'),
(118, '3890-03-01 00:00:00', 'beuls.katrien.thisisatest@vub.ac.be', 'Katrien', 'BEULS'),
(119, '3890-03-01 00:00:00', 'lenaerts.tom.thisisatest@vub.ac.be', 'Tom', 'LENAERTS'),
(120, '3890-03-01 00:00:00', 'corijn.eric.thisisatest@vub.ac.be', 'Eric', 'CORIJN'),
(121, '3890-03-01 00:00:00', 'sioen.mark.thisisatest@vub.ac.be', 'Mark', 'SIOEN'),
(122, '3890-03-01 00:00:00', 'caenepeel.stefaan.thisisatest@vub.ac.be', 'STEFAAN', 'CAENEPEEL'),
(123, '3890-03-01 00:00:00', 'vercruysse.joost.thisisatest@vub.ac.be', 'Joost', 'VERCRUYSSE'),
(124, '3890-03-01 00:00:00', 'cara.philippe.thisisatest@vub.ac.be', 'Philippe', 'CARA'),
(125, '3890-03-01 00:00:00', 'kadankova.tetyana.thisisatest@vub.ac.be', 'Tetyana', 'KADANKOVA'),
(126, '3890-03-01 00:00:00', 'vansteen.guido.thisisatest@vub.ac.be', 'Guido', 'VAN STEEN'),
(127, '3890-03-01 00:00:00', 'vancasteren.johannes.thisisatest@vub.ac.be', 'Johannes', 'VAN CASTEREN'),
(128, '3890-03-01 00:00:00', 'lowen.robert.thisisatest@vub.ac.be', 'Robert', 'LOWEN'),
(129, '3890-03-01 00:00:00', 'vandenbergh.michel.thisisatest@vub.ac.be', 'MICHEL', 'VAN DEN BERGH'),
(130, '3890-03-01 00:00:00', 'verschoren.alain.thisisatest@vub.ac.be', 'ALAIN', 'VERSCHOREN'),
(131, '3890-03-01 00:00:00', 'colebunders.eva.thisisatest@vub.ac.be', 'EVA', 'COLEBUNDERS'),
(132, '3890-03-01 00:00:00', 'inthout.karel.thisisatest@vub.ac.be', 'Karel', 'INT HOUT'),
(133, '3890-03-01 00:00:00', 'cuyt.annie.thisisatest@vub.ac.be', 'Annie', 'CUYT'),
(134, '3890-03-01 00:00:00', 'vanroose.wim.thisisatest@vub.ac.be', 'Wim', 'VANROOSE'),
(135, '3890-03-01 00:00:00', 'eelbode.david.thisisatest@vub.ac.be', 'David', 'EELBODE'),
(136, '3890-03-01 00:00:00', 'vanoystaeyen.freddy.thisisatest@vub.ac.be', 'Freddy', 'VAN OYSTAEYEN'),
(137, '3890-03-01 00:00:00', 'laenens.els.thisisatest@vub.ac.be', 'Els', 'LAENENS'),
(138, '3890-03-01 00:00:00', 'dehauwere.yann-micha?l.thisisatest@vub.ac.be', 'Yann-Micha?l', 'DE HAUWERE'),
(139, '3890-03-01 00:00:00', 'dhondt.theo.thisisatest@vub.ac.be', 'Theo', 'DHONDT'),
(140, '3890-03-01 00:00:00', 'dhaeseleer.mylene.thisisatest@vub.ac.be', 'Mylene', 'DHAESELEER'),
(141, '3890-03-01 00:00:00', 'foriers.henk.thisisatest@vub.ac.be', 'HENK', 'FORIERS'),
(142, '3890-03-01 00:00:00', 'kervyndemeerendre.matthieu.thisisatest@vub.ac.be', 'Matthieu', 'KERVYN DE MEERENDRE'),
(143, '3890-03-01 00:00:00', 'decoster.anja.thisisatest@vub.ac.be', 'Anja', 'DECOSTER'),
(144, '3890-03-01 00:00:00', 'vranken.wim.thisisatest@vub.ac.be', 'Wim', 'VRANKEN'),
(145, '3890-03-01 00:00:00', 'vandesande.hans.thisisatest@vub.ac.be', 'Hans', 'VANDE SANDE'),
(146, '3890-03-01 00:00:00', 'goos.peter.thisisatest@vub.ac.be', 'Peter', 'GOOS'),
(147, '3890-03-01 00:00:00', 'danckaert.jan.thisisatest@vub.ac.be', 'Jan', 'DANCKAERT'),
(148, '3890-03-01 00:00:00', 'rombauts.patrick.thisisatest@vub.ac.be', 'Patrick', 'ROMBAUTS'),
(149, '3890-03-01 00:00:00', 'raes.jeroen.thisisatest@vub.ac.be', 'Jeroen', 'RAES'),
(150, '3890-03-01 00:00:00', 'baeyens.willy.thisisatest@vub.ac.be', 'Willy', 'BAEYENS'),
(151, '3890-03-01 00:00:00', 'carette.eddy.thisisatest@vub.ac.be', 'Eddy', 'CARETTE'),
(152, '3890-03-01 00:00:00', 'lambrechts.lieve.thisisatest@vub.ac.be', 'Lieve', 'LAMBRECHTS'),
(153, '3890-03-01 00:00:00', 'gelens.lendert.thisisatest@vub.ac.be', 'Lendert', 'GELENS'),
(154, '3890-03-01 00:00:00', 'keuninckx.lars.thisisatest@vub.ac.be', 'Lars', 'KEUNINCKX'),
(155, '3890-03-01 00:00:00', 'vaneijndhoven.nicolaas.thisisatest@vub.ac.be', 'Nicolaas', 'VAN EIJNDHOVEN'),
(156, '3890-03-01 00:00:00', 'geerlings.paul.thisisatest@vub.ac.be', 'PAUL', 'GEERLINGS'),
(157, '3890-03-01 00:00:00', 'vancompernolle.bram.thisisatest@vub.ac.be', 'Bram', 'VANCOMPERNOLLE'),
(158, '3890-03-01 00:00:00', 'sonck.gert.thisisatest@vub.ac.be', 'Gert', 'SONCK'),
(159, '3890-03-01 00:00:00', 'dorissen.tom.thisisatest@vub.ac.be', 'Tom', 'DORISSEN'),
(160, '3890-03-01 00:00:00', 'lenaerts.dennis.thisisatest@vub.ac.be', 'Dennis', 'LENAERTS'),
(161, '3890-03-01 00:00:00', 'vanpoucke.jordy.thisisatest@vub.ac.be', 'Jordy', 'VANPOUCKE'),
(162, '3890-03-01 00:00:00', 'deses.didier.thisisatest@vub.ac.be', 'Didier', 'DESES'),
(163, '3890-03-01 00:00:00', 'veretennicoff.irina.thisisatest@vub.ac.be', 'Irina', 'VERETENNICOFF'),
(164, '3890-03-01 00:00:00', 'defrise.michel.thisisatest@vub.ac.be', 'Michel', 'DEFRISE'),
(165, '3890-03-01 00:00:00', 'elskens.marc.thisisatest@vub.ac.be', 'Marc', 'ELSKENS'),
(166, '3890-03-01 00:00:00', 'meire.patrick.thisisatest@vub.ac.be', 'Patrick', 'MEIRE'),
(167, '3890-03-01 00:00:00', 'bouillon.steven.thisisatest@vub.ac.be', 'Steven', 'BOUILLON'),
(168, '3890-03-01 00:00:00', 'temmerman.stijn.thisisatest@vub.ac.be', 'Stijn', 'TEMMERMAN'),
(169, '3890-03-01 00:00:00', 'cliquet.an.thisisatest@vub.ac.be', 'An', 'CLIQUET'),
(170, '3890-03-01 00:00:00', 'ruddick.kevin.thisisatest@vub.ac.be', 'Kevin', 'RUDDICK'),
(171, '3890-03-01 00:00:00', 'meysman.filip.thisisatest@vub.ac.be', 'Filip', 'MEYSMAN'),
(172, '3890-03-01 00:00:00', 'soetaert.karline.thisisatest@vub.ac.be', 'Karline', 'SOETAERT'),
(173, '3890-03-01 00:00:00', 'bervoets.lieven.thisisatest@vub.ac.be', 'Lieven', 'BERVOETS'),
(174, '3890-03-01 00:00:00', 'verschuren.dirk.thisisatest@vub.ac.be', 'Dirk', 'VERSCHUREN'),
(175, '3890-03-01 00:00:00', 'debatist.marc.thisisatest@vub.ac.be', 'Marc', 'DE BATIST'),
(176, '3890-03-01 00:00:00', 'vyverman.wim.thisisatest@vub.ac.be', 'Wim', 'VYVERMAN'),
(177, '3890-03-01 00:00:00', 'vanaverbeke.jan.thisisatest@vub.ac.be', 'Jan', 'VANAVERBEKE'),
(178, '3890-03-01 00:00:00', 'vanreusel.ann.thisisatest@vub.ac.be', 'Ann', 'VANREUSEL'),
(179, '3890-03-01 00:00:00', 'detroch.marleen.thisisatest@vub.ac.be', 'Marleen', 'DE TROCH'),
(180, '3890-03-01 00:00:00', 'huys.geert.thisisatest@vub.ac.be', 'Geert', 'HUYS'),
(181, '3890-03-01 00:00:00', 'sabbe.koen.thisisatest@vub.ac.be', 'Koen', 'SABBE'),
(182, '3890-03-01 00:00:00', 'deprez.tim.thisisatest@vub.ac.be', 'Tim', 'DEPREZ'),
(183, '3890-03-01 00:00:00', 'vanrooij.david.thisisatest@vub.ac.be', 'David', 'VAN ROOIJ'),
(184, '3890-03-01 00:00:00', 'declerck.olivier.thisisatest@vub.ac.be', 'Olivier', 'DE CLERCK'),
(185, '3890-03-01 00:00:00', 'vincx.magda.thisisatest@vub.ac.be', 'Magda', 'VINCX'),
(186, '3890-03-01 00:00:00', 'dahdouh-guebas.farid.thisisatest@vub.ac.be', 'Farid', 'DAHDOUH-GUEBAS'),
(187, '3890-03-01 00:00:00', 'ferre.melissa.thisisatest@vub.ac.be', 'Melissa', 'FERRE'),
(188, '3890-03-01 00:00:00', 'deboeck.gudrun.thisisatest@vub.ac.be', 'Gudrun', 'DE BOECK'),
(189, '3890-03-01 00:00:00', 'derycke.sofie.thisisatest@vub.ac.be', 'Sofie', 'DERYCKE'),
(190, '3890-03-01 00:00:00', 'degraer.steven.thisisatest@vub.ac.be', 'Steven', 'DEGRAER'),
(191, '3890-03-01 00:00:00', 'vanlancker.vera.thisisatest@vub.ac.be', 'Vera', 'VAN LANCKER'),
(192, '3890-03-01 00:00:00', 'blust.ronny.thisisatest@vub.ac.be', 'Ronny', 'BLUST'),
(193, '3890-03-01 00:00:00', 'bouma.tjeerd.thisisatest@vub.ac.be', 'Tjeerd', 'BOUMA'),
(194, '3890-03-01 00:00:00', 'mubiana.kayawevalentine.thisisatest@vub.ac.be', 'Kayawe Valentine', 'MUBIANA'),
(195, '3890-03-01 00:00:00', 'louwye.stephen.thisisatest@vub.ac.be', 'Stephen', 'LOUWYE'),
(196, '3890-03-01 00:00:00', 'verniers.jacques.thisisatest@vub.ac.be', 'Jacques', 'VERNIERS'),
(197, '3890-03-01 00:00:00', 'finsy.robert.thisisatest@vub.ac.be', 'Robert', 'FINSY'),
(198, '3890-03-01 00:00:00', 'bultinck.patrick.thisisatest@vub.ac.be', 'Patrick', 'BULTINCK'),
(199, '3890-03-01 00:00:00', 'tourwe.dirk.thisisatest@vub.ac.be', 'Dirk', 'TOURWE'),
(200, '3890-03-01 00:00:00', 'devroede.olivier.thisisatest@vub.ac.be', 'Olivier', 'DEVROEDE'),
(201, '3890-03-01 00:00:00', 'roosen.robert.thisisatest@vub.ac.be', 'Robert', 'ROOSEN'),
(202, '3890-03-01 00:00:00', 'sterken.christiaan.thisisatest@vub.ac.be', 'Christiaan', 'STERKEN'),
(203, '3890-03-01 00:00:00', 'segers.danny.thisisatest@vub.ac.be', 'Danny', 'SEGERS'),
(204, '3890-03-01 00:00:00', 'cantrijn.frans.thisisatest@vub.ac.be', 'Frans', 'CANTRIJN'),
(205, '3890-03-01 00:00:00', 'vandereycken.johan.thisisatest@vub.ac.be', 'Johan', 'VAN DER EYCKEN'),
(206, '3890-03-01 00:00:00', 'heip.carlos.thisisatest@vub.ac.be', 'Carlos', 'HEIP'),
(207, '3890-03-01 00:00:00', 'vandenborre.petra.thisisatest@vub.ac.be', 'Petra', 'VAN DEN BORRE'),
(208, '3890-03-01 00:00:00', 'gonzalezboix.elisa.thisisatest@vub.ac.be', 'Elisa', 'GONZALEZ BOIX'),
(209, '3890-03-01 00:00:00', 'blekman.freya.thisisatest@vub.ac.be', 'Freya', 'BLEKMAN'),
(210, '3890-03-01 00:00:00', 'roelants.kim.thisisatest@vub.ac.be', 'Kim', 'ROELANTS'),
(211, '3890-03-01 00:00:00', 'kok.philippe.thisisatest@vub.ac.be', 'Philippe', 'KOK'),
(212, '3890-03-01 00:00:00', 'pasmans.frank.thisisatest@vub.ac.be', 'Frank', 'PASMANS'),
(213, '3890-03-01 00:00:00', 'vandamme.raoul.thisisatest@vub.ac.be', 'Raoul', 'VAN DAMME'),
(214, '3890-03-01 00:00:00', 'wilkinson.mark.thisisatest@vub.ac.be', 'Mark', 'WILKINSON'),
(215, '3890-03-01 00:00:00', 'gower.davidjohn.thisisatest@vub.ac.be', 'David John', 'GOWER'),
(216, '3890-03-01 00:00:00', 'vences.miguel.thisisatest@vub.ac.be', 'Miguel', 'VENCES'),
(217, '3890-03-01 00:00:00', 'vanbocxlaer.ines.thisisatest@vub.ac.be', 'Ines', 'VAN BOCXLAER'),
(218, '3890-03-01 00:00:00', 'arntzen.janwillem.thisisatest@vub.ac.be', 'Jan Willem', 'ARNTZEN'),
(219, '3890-03-01 00:00:00', 'gutierrezgonzalez.gustavo.thisisatest@vub.ac.be', 'Gustavo', 'GUTIERREZ GONZALEZ'),
(220, '3890-03-01 00:00:00', 'frost.darrel.thisisatest@vub.ac.be', 'Darrel', 'FROST'),
(221, '3890-03-01 00:00:00', 'deyaert.egon.thisisatest@vub.ac.be', 'Egon', 'DEYAERT'),
(222, '3890-03-01 00:00:00', 'hoste.lode.thisisatest@vub.ac.be', 'Lode', 'HOSTE'),
(223, '3890-03-01 00:00:00', 'lowen.wendy.thisisatest@vub.ac.be', 'Wendy', 'LOWEN'),
(224, '3890-03-01 00:00:00', 'vannuland.nico.thisisatest@vub.ac.be', 'Nico', 'VAN NULAND'),
(225, '3890-03-01 00:00:00', 'gentile.gianfranco.thisisatest@vub.ac.be', 'Gianfranco', 'GENTILE'),
(226, '3890-03-01 00:00:00', 'demaziere.martine.thisisatest@vub.ac.be', 'Martine', 'DE MAZIERE'),
(227, '3890-03-01 00:00:00', 'amelynck.crist.thisisatest@vub.ac.be', 'Crist', 'AMELYNCK'),
(228, '3890-03-01 00:00:00', 'volkov.oleksandr.thisisatest@vub.ac.be', 'Oleksandr', 'VOLKOV'),
(229, '3890-03-01 00:00:00', 'ryckewaert.michael.thisisatest@vub.ac.be', 'Michael', 'RYCKEWAERT'),
(230, '3890-03-01 00:00:00', 'blondeel.paul.thisisatest@vub.ac.be', 'Paul', 'BLONDEEL'),
(231, '3890-03-01 00:00:00', 'decorte.stefan.thisisatest@vub.ac.be', 'Stefan', 'De Corte'),
(232, '3890-03-01 00:00:00', 'aerts.jens.thisisatest@vub.ac.be', 'Jens', 'AERTS'),
(233, '3890-03-01 00:00:00', 'vanempten.elke.thisisatest@vub.ac.be', 'Elke', 'VANEMPTEN'),
(234, '3890-03-01 00:00:00', 'parys.jan.thisisatest@vub.ac.be', 'Jan', 'Parys'),
(235, '3890-03-01 00:00:00', 'vermeulen.sofie.thisisatest@vub.ac.be', 'Sofie', 'VERMEULEN'),
(236, '3890-03-01 00:00:00', 'casabella.nadia.thisisatest@vub.ac.be', 'Nadia', 'CASABELLA'),
(237, '3890-03-01 00:00:00', 'lehouck.luc.thisisatest@vub.ac.be', 'Luc', 'Lehouck'),
(238, '3890-03-01 00:00:00', 'moens.thomas.thisisatest@vub.ac.be', 'Thomas', 'Moens'),
(239, NULL, 'tim38@mailinator.com', 'Tim', 'Witters'),
(240, NULL, 'admin38@mailinator.com', 'Admin', 'Admin'),
(241, NULL, 'timstudent@mailinator.com', 'Tim', 'Witters'),
(242, NULL, 'timprofessor@mailinator.com', 'Tim', 'Witters'),
(244, NULL, 'timadmi@mailinator.com', 'Tim', 'Witters');

-- --------------------------------------------------------

--
-- Table structure for table `PROGRAM`
--

CREATE TABLE IF NOT EXISTS `PROGRAM` (
  `ProgramID` int(11) NOT NULL AUTO_INCREMENT,
  `Carreer` int(11) DEFAULT NULL,
  `ProgramName` varchar(255) DEFAULT NULL,
  `FacultyID` int(11) DEFAULT NULL,
  PRIMARY KEY (`ProgramID`),
  KEY `FK_e3tgnp4agdlj0h1fo0rrhfh5d` (`FacultyID`)
) ENGINE=InnoDB  DEFAULT CHARSET=latin1 AUTO_INCREMENT=107 ;

--
-- Dumping data for table `PROGRAM`
--

INSERT INTO `PROGRAM` (`ProgramID`, `Carreer`, `ProgramName`, `FacultyID`) VALUES
(1, 1, 'Bio-ingenieur', 1),
(2, 1, 'Bio-ingenieur Cel- en Genbiotechnologie/Medische Biotechnologie', 1),
(3, 1, 'Bio-ingenieur Cel- en Genbiotechnologie/Moleculaire Biotechnologie', 1),
(4, 1, 'Bio-ingenieur Cel- en genbiotechnologie/Agrobiotechnologie', 1),
(5, 1, 'Bio-ingenieur Cel- en genbiotechologie/Medische biotechnologie', 1),
(6, 1, 'Bio-ingenieur Cel- en genbiotechologie/Moleculaire biotechnologie', 1),
(7, 1, 'Bio-ingenieur Chemie en Bioprocestechnologie/Biochemische biotechnologie', 1),
(8, 1, 'Bio-ingenieur Chemie en Bioprocestechnologie/Chemische biotechnologie', 1),
(9, 1, 'Bio-ingenieur Chemie en Bioprocestechnologie/Voedingsbiotechnologie', 1),
(10, 1, 'Bio-ingenieur Chemie en bioprocestechnologie/Katalyse en biomoleculair ontwerp', 1),
(11, 0, 'Bio-ingenieurswetenschappen', 1),
(12, 0, 'Bio-ingenieurswetenschappen/Cel-en genbiotechnologie', 1),
(13, 0, 'Bio-ingenieurswetenschappen/Chemie en bioprocestechnologie', 1),
(14, 0, 'Biologie', 1),
(15, 1, 'Biologie optie Genetica, Cel en Ontwikkelingsbiologie', 1),
(16, 1, 'Biologie optie Milieu: Biodiversiteit en ecosystemen', 1),
(17, 1, 'Biologie optie Onderwijs', 1),
(18, 1, 'Biologie optie onderwijs profiel Genetica, cel- en ontwikkelingsbiologie', 1),
(19, 1, 'Biologie optie onderwijs profiel Milieu: Biodiversiteit en ecosystemen', 1),
(20, 1, 'Biologie/Genetica, Cel en Ontwikkelingsbiologie', 1),
(21, 1, 'Biologie/Milieu: Biodiversiteit en ecosystemen', 1),
(22, 1, 'Biology - Environment: Biodiversity and Ecosystems', 1),
(23, 1, 'Biology - Environment: Biodiversity and Ecosystems (electives)', 1),
(24, 1, 'Biology - Genetics, Cell and Developmental Biology', 1),
(25, 1, 'Biology - Genetics, Cell and Developmental Biology (electives)', 1),
(26, 1, 'Biology - Herpetology', 1),
(27, 1, 'Biology - Human Ecology', 1),
(28, 1, 'Biology - Human Ecology (electives)', 1),
(29, 1, 'Biology - Tropical Biodiversity and Ecosystems', 1),
(30, 1, 'Biomoleculaire Wetenschappen', 1),
(31, 1, 'Biomolecular Sciences', 1),
(32, 1, 'Biomolecular Sciences (electives)', 1),
(33, 0, 'Chemie', 1),
(34, 1, 'Chemie', 1),
(35, 1, 'Chemie cluster Analysis and characterization', 1),
(36, 1, 'Chemie cluster Environmental chemistry', 1),
(37, 1, 'Chemie cluster Materials chemistry', 1),
(38, 1, 'Chemie cluster Molecular and Macromolecular design', 1),
(39, 1, 'Chemie minor industrie', 1),
(40, 1, 'Chemie minor onderzoek', 1),
(41, 1, 'Chemie optie Industrie', 1),
(42, 1, 'Chemie optie Onderwijs', 1),
(43, 1, 'Chemie optie onderzoek', 1),
(44, 0, 'Computerwetenschappen', 1),
(45, 0, 'Computerwetenschappen VP voor Prof. BA Toegepaste Informatica', 1),
(46, 1, 'Computerwetenschappen/Artificiele Intelligentie', 1),
(47, 1, 'Computerwetenschappen/Languages and Software Engineering', 1),
(48, 1, 'Computerwetenschappen/Multimedia', 1),
(49, 1, 'Computerwetenschappen/Web & Informatiesystemen', 1),
(50, 0, 'Fysica', 1),
(51, 1, 'Fysica en Sterrenkunde optie Economie en Bedrijfsleven', 1),
(52, 1, 'Fysica en Sterrenkunde optie Onderwijs', 1),
(53, 1, 'Fysica en Sterrenkunde optie Onderzoek', 1),
(54, 0, 'Geografie', 1),
(55, 0, 'Geografie (Chemie)', 1),
(56, 0, 'Geografie (Sociologie)', 1),
(57, 1, 'Geografie/Ruimtelijke analyse van de omgeving', 1),
(58, 1, 'Geografie/Ruimtelijke analyse van de omgeving optie onderwijs', 1),
(59, 1, 'Geografie/Ruimtelijke analyse van de omgeving optie onderzoek', 1),
(60, 1, 'Geografie/Ruimtelijke analyse van de omgeving optie professionalisering', 1),
(61, 1, 'Geografie/Stadsgeografie', 1),
(62, 1, 'Geografie/Stadsgeografie optie onderwijs', 1),
(63, 1, 'Geografie/Stadsgeografie optie onderzoek', 1),
(64, 1, 'Geografie/Stadsgeografie optie professionalisering', 1),
(65, 1, 'Geografie/Terrestrische Ecosystemen en Global Change', 1),
(66, 1, 'Geografie/Terrestrische Ecosystemen en Global Change optie onderwijs', 1),
(67, 1, 'Geografie/Terrestrische Ecosystemen en Global Change optie onderzoek', 1),
(68, 1, 'Geografie/Terrestrische Ecosystemen en Global Change optie professionalisering', 1),
(69, 1, 'Geography/Development and Environment', 1),
(70, 1, 'Geography/Space and Society', 1),
(71, 1, 'Geography/Terrestrial Ecosystems and Environmental Change', 1),
(72, 2, 'MM Actuariele wetenschappen', 1),
(73, 1, 'Marine and Lacustrine Science and Management', 1),
(74, 1, 'Marine and Lacustrine Science and Management: Biodiversity and Ecology/choice 1', 1),
(75, 1, 'Marine and Lacustrine Science and Management: Biodiversity and Ecology/choice 2', 1),
(76, 1, 'Marine and Lacustrine Science and Management: Conservation Biology and Ecosystem Management/UGent trajectory', 1),
(77, 0, 'Marine and Lacustrine Science and Management: Conservation Biology and Ecosystem Management/VUB trajectory', 1),
(78, 1, 'Marine and Lacustrine Science and Management: Conservation Biology and Ecosystem Management/choice1', 1),
(79, 1, 'Marine and Lacustrine Science and Management: Conservation Biology and Ecosystem Management/choice2', 1),
(80, 1, 'Marine and Lacustrine Science and Management: Earth System Sciences/choice 1', 1),
(81, 1, 'Marine and Lacustrine Science and Management: Earth System Sciences/choice2', 1),
(82, 1, 'Marine and Lacustrine Science and Management: Environmental Impact and Remediation/UGent trajectory', 1),
(83, 0, 'Marine and Lacustrine Science and Management: Environmental Impact and Remediation/VUB trajectory', 1),
(84, 1, 'Marine and Lacustrine Science and Management: Environmental Impact and Remediation/choice1', 1),
(85, 1, 'Marine and Lacustrine Science and Management: Environmental Impact and Remediation/choice2', 1),
(86, 1, 'Master in de Toegepaste Informatica', 1),
(87, 1, 'Molecular Biology', 1),
(88, 1, 'Molecular Biology specialisation Animal Production', 1),
(89, 1, 'Molecular Biology specialisation Human Health', 1),
(90, 1, 'Molecular Biology specialisation Plant Production', 1),
(91, 1, 'Schakelprogr. M in de Computerwetenschappen', 1),
(92, 1, 'Schakelprogr. M in de Toegepaste Informatica', 1),
(93, 1, 'Stedenbouw en Ruimtelijk planning - deeltraject 1', 1),
(94, 1, 'Stedenbouw en Ruimtelijk planning - deeltraject 2', 1),
(95, 1, 'Stedenbouw en Ruimtelijk planning - deeltraject 3', 1),
(96, 1, 'Stedenbouw en Ruimtelijk planning : schakelprogramma', 1),
(97, 1, 'Stedenbouw en Ruimtelijk planning : voorbereidingsprogramma', 1),
(98, 1, 'Urban Studies', 1),
(99, 1, 'Voorbereidingsprogr. M in de Computerwetenschappen', 1),
(100, 1, 'Voorbereidingsprogr. M in de Geografie', 1),
(101, 1, 'Voorbereidingsprogr. M in de Toegepaste Informatica', 1),
(102, 2, 'Voorbereidingsprogramma MM Actuariele Wetenschappen', 1),
(103, 0, 'Wiskunde', 1),
(104, 1, 'Wiskunde/Financiele Wiskunde', 1),
(105, 1, 'Wiskunde/Fundamentele Wiskunde', 1),
(106, 1, 'Wiskunde/Onderwijs', 1);

-- --------------------------------------------------------

--
-- Table structure for table `ROOM`
--

CREATE TABLE IF NOT EXISTS `ROOM` (
  `RoomID` int(11) NOT NULL AUTO_INCREMENT,
  `Capacity` int(11) DEFAULT NULL,
  `DisplayName` varchar(255) DEFAULT NULL,
  `Room` varchar(255) DEFAULT NULL,
  `HasProjector` bit(1) DEFAULT NULL,
  `HasRecorder` bit(1) DEFAULT NULL,
  `HasSmartBoard` bit(1) DEFAULT NULL,
  `RoomType` varchar(255) DEFAULT NULL,
  `FloorID` int(11) DEFAULT NULL,
  PRIMARY KEY (`RoomID`),
  KEY `FK_soxvvoawr8b2mcu0vsatt8mc1` (`FloorID`)
) ENGINE=InnoDB  DEFAULT CHARSET=latin1 AUTO_INCREMENT=107 ;

--
-- Dumping data for table `ROOM`
--

INSERT INTO `ROOM` (`RoomID`, `Capacity`, `DisplayName`, `Room`, `HasProjector`, `HasRecorder`, `HasSmartBoard`, `RoomType`, `FloorID`) VALUES
(1, 80, NULL, '31', b'1', b'0', b'0', 'ClassRoom', 1),
(2, 172, NULL, '2', b'1', b'0', b'0', 'ClassRoom', 2),
(3, 200, NULL, '3', b'1', b'0', b'0', 'ClassRoom', 2),
(4, 127, NULL, '5', b'1', b'1', b'0', 'ClassRoom', 2),
(5, 140, NULL, '7', b'1', b'0', b'0', 'ClassRoom', 2),
(6, 128, NULL, '8', b'1', b'0', b'0', 'ClassRoom', 2),
(7, 22, NULL, '5', b'1', b'0', b'0', 'ClassRoom', 3),
(8, 38, NULL, '6', b'1', b'0', b'0', 'ClassRoom', 3),
(9, 28, NULL, '7', b'1', b'0', b'0', 'ClassRoom', 3),
(10, 38, NULL, '8', b'1', b'0', b'0', 'ClassRoom', 3),
(11, 40, NULL, '6', b'1', b'0', b'0', 'ClassRoom', 4),
(12, 48, NULL, '9', b'1', b'0', b'0', 'ClassRoom', 4),
(13, 48, NULL, '10', b'1', b'0', b'0', 'ClassRoom', 4),
(14, 40, NULL, '12', b'1', b'0', b'1', 'ClassRoom', 4),
(15, 40, NULL, '13', b'1', b'0', b'1', 'ClassRoom', 4),
(16, 38, NULL, '14', b'1', b'0', b'1', 'ClassRoom', 4),
(17, 40, NULL, '15', b'1', b'0', b'1', 'ClassRoom', 4),
(18, 40, NULL, '16', b'1', b'0', b'0', 'ClassRoom', 4),
(19, 40, NULL, '18', b'1', b'0', b'0', 'ClassRoom', 4),
(20, 40, NULL, '19', b'1', b'0', b'0', 'ClassRoom', 4),
(21, 48, NULL, '20', b'1', b'0', b'0', 'ClassRoom', 4),
(22, 48, NULL, '23', b'1', b'0', b'0', 'ClassRoom', 4),
(23, 10, NULL, '24', b'1', b'0', b'0', 'ClassRoom', 4),
(24, 48, NULL, '4', b'1', b'0', b'0', 'ClassRoom', 5),
(25, 48, NULL, '5', b'1', b'0', b'0', 'ClassRoom', 5),
(26, 48, NULL, '6', b'1', b'0', b'0', 'ClassRoom', 5),
(27, 40, NULL, '7', b'1', b'0', b'0', 'ClassRoom', 5),
(28, 40, NULL, '8', b'1', b'0', b'0', 'ClassRoom', 5),
(29, 40, NULL, '9', b'1', b'0', b'0', 'ClassRoom', 5),
(30, 40, NULL, '10', b'1', b'0', b'0', 'ClassRoom', 5),
(31, 40, NULL, '11', b'1', b'0', b'0', 'ClassRoom', 5),
(32, 38, NULL, '12', b'1', b'0', b'0', 'ClassRoom', 5),
(33, 38, NULL, '13', b'1', b'0', b'0', 'ClassRoom', 5),
(34, 38, NULL, '14', b'1', b'0', b'0', 'ClassRoom', 5),
(35, 48, NULL, '15', b'1', b'0', b'0', 'ClassRoom', 5),
(36, 48, NULL, '16', b'1', b'0', b'0', 'ClassRoom', 5),
(37, 10, NULL, '17', b'1', b'0', b'0', 'ClassRoom', 5),
(38, 15, NULL, '2', b'1', b'0', b'0', 'ClassRoom', 6),
(39, 20, NULL, '3', b'1', b'0', b'0', 'ClassRoom', 6),
(40, 100, NULL, '4', b'1', b'0', b'0', 'ClassRoom', 6),
(41, 64, NULL, '5', b'1', b'0', b'0', 'ClassRoom', 6),
(42, 62, NULL, '6', b'1', b'0', b'0', 'ClassRoom', 6),
(43, 64, NULL, '7', b'1', b'0', b'0', 'ClassRoom', 6),
(44, 32, NULL, '10', b'1', b'0', b'0', 'ClassRoom', 6),
(45, 70, NULL, '11', b'1', b'0', b'0', 'ClassRoom', 6),
(46, 91, NULL, '12', b'1', b'0', b'0', 'ClassRoom', 6),
(47, 20, NULL, '1', b'1', b'0', b'0', 'ClassRoom', 7),
(48, 40, NULL, '4', b'1', b'0', b'0', 'ClassRoom', 7),
(49, 38, NULL, '13', b'1', b'0', b'0', 'ClassRoom', 7),
(50, 38, NULL, '2', b'1', b'0', b'0', 'ClassRoom', 7),
(51, 3, NULL, '5', b'0', b'0', b'0', 'ClassRoom', 7),
(52, 3, NULL, '7', b'0', b'0', b'0', 'ClassRoom', 7),
(53, 6, NULL, '5', b'0', b'0', b'0', 'ClassRoom', 7),
(54, 8, NULL, '8', b'0', b'0', b'0', 'ClassRoom', 7),
(55, 26, NULL, '2', b'1', b'0', b'0', 'ClassRoom', 8),
(56, 28, NULL, '3', b'0', b'0', b'0', 'ClassRoom', 8),
(57, 28, NULL, '4', b'0', b'0', b'0', 'ClassRoom', 8),
(58, 28, NULL, '5', b'1', b'0', b'0', 'ClassRoom', 8),
(59, 40, NULL, '6', b'1', b'0', b'0', 'ClassRoom', 8),
(60, 40, NULL, '103', b'0', b'0', b'0', 'ClassRoom', 9),
(61, 30, NULL, '103', b'1', b'0', b'0', 'ClassRoom', 10),
(62, 30, NULL, '104', b'1', b'0', b'0', 'ClassRoom', 10),
(63, 64, NULL, '111', b'1', b'0', b'0', 'ClassRoom', 10),
(64, 30, NULL, '113', b'1', b'0', b'0', 'ClassRoom', 10),
(65, 30, NULL, '203', b'1', b'0', b'0', 'ClassRoom', 11),
(66, 30, NULL, '204', b'1', b'0', b'0', 'ClassRoom', 11),
(67, 30, NULL, '206', b'1', b'0', b'0', 'ClassRoom', 11),
(68, 30, NULL, '207', b'1', b'0', b'0', 'ClassRoom', 11),
(69, 30, NULL, '210', b'1', b'0', b'0', 'ClassRoom', 11),
(70, 30, NULL, '211', b'1', b'0', b'0', 'ClassRoom', 11),
(71, 30, NULL, '212', b'1', b'0', b'0', 'ClassRoom', 11),
(72, 48, NULL, '20', b'1', b'0', b'0', 'ClassRoom', 12),
(73, 47, NULL, '21', b'1', b'0', b'0', 'ClassRoom', 12),
(74, 80, NULL, '22', b'1', b'0', b'0', 'ClassRoom', 12),
(75, 110, NULL, '23', b'1', b'0', b'0', 'ClassRoom', 12),
(76, 64, NULL, '308', b'1', b'0', b'0', 'ClassRoom', 13),
(77, 40, NULL, '6', b'0', b'0', b'1', 'ClassRoom', 14),
(78, 30, NULL, '7', b'1', b'0', b'0', 'ClassRoom', 14),
(79, 107, NULL, '1', b'1', b'0', b'0', 'ClassRoom', 15),
(80, 52, NULL, '2', b'1', b'0', b'0', 'ClassRoom', 15),
(81, 28, NULL, '3', b'1', b'0', b'0', 'ClassRoom', 15),
(82, 40, NULL, '4', b'1', b'0', b'0', 'ClassRoom', 15),
(83, 28, NULL, '1', b'1', b'0', b'0', 'ClassRoom', 16),
(84, 40, NULL, '208', b'1', b'0', b'0', 'ClassRoom', 17),
(85, 104, NULL, '210', b'1', b'0', b'0', 'ClassRoom', 17),
(86, 60, NULL, '217', b'1', b'0', b'0', 'ClassRoom', 17),
(87, 40, NULL, '406', b'1', b'0', b'0', 'ClassRoom', 18),
(88, 580, NULL, 'A', b'1', b'0', b'0', 'ClassRoom', 19),
(89, 300, NULL, 'C', b'1', b'0', b'0', 'ClassRoom', 19),
(90, 200, NULL, 'B', b'1', b'0', b'0', 'ClassRoom', 19),
(91, 200, NULL, 'D', b'0', b'0', b'0', 'ClassRoom', 19),
(92, 0, NULL, '2', b'1', b'0', b'0', 'ComputerRoom', 1),
(93, 0, NULL, '3', b'1', b'0', b'0', 'ComputerRoom', 1),
(94, 0, NULL, '4', b'1', b'0', b'0', 'ComputerRoom', 1),
(95, 0, NULL, '5', b'1', b'0', b'0', 'ComputerRoom', 1),
(96, 0, NULL, '6', b'1', b'0', b'0', 'ComputerRoom', 1),
(97, 0, NULL, '2', b'1', b'0', b'0', 'ComputerRoom', 20),
(98, 0, NULL, '3', b'1', b'0', b'0', 'ComputerRoom', 20),
(99, 0, NULL, '4', b'1', b'0', b'0', 'ComputerRoom', 20),
(100, 0, NULL, '5', b'1', b'0', b'0', 'ComputerRoom', 20),
(101, 0, NULL, '7', b'1', b'0', b'0', 'ComputerRoom', 20),
(102, 0, NULL, '5', b'1', b'0', b'0', 'ComputerRoom', 21),
(103, 0, NULL, '110', b'1', b'0', b'0', 'ComputerRoom', 22),
(104, 0, NULL, '115', b'1', b'0', b'0', 'ComputerRoom', 22),
(105, 0, NULL, '116', b'1', b'0', b'0', 'ComputerRoom', 22),
(106, 0, NULL, '125', b'1', b'0', b'0', 'ComputerRoom', 22);

-- --------------------------------------------------------

--
-- Table structure for table `TRAJECT`
--

CREATE TABLE IF NOT EXISTS `TRAJECT` (
  `TrajectID` int(11) NOT NULL AUTO_INCREMENT,
  `Frozen` bit(1) DEFAULT NULL,
  `StartingYear` int(11) DEFAULT NULL,
  `TrajectName` varchar(255) DEFAULT NULL,
  `Year` int(11) DEFAULT NULL,
  `ProgramID` int(11) DEFAULT NULL,
  PRIMARY KEY (`TrajectID`),
  KEY `FK_83wi2p3dn3qkt4gltk7h60ggn` (`ProgramID`)
) ENGINE=InnoDB  DEFAULT CHARSET=latin1 AUTO_INCREMENT=177 ;

--
-- Dumping data for table `TRAJECT`
--

INSERT INTO `TRAJECT` (`TrajectID`, `Frozen`, `StartingYear`, `TrajectName`, `Year`, `ProgramID`) VALUES
(1, b'0', 0, '1 M Bio-ingenieur (keuze)', 1, 1),
(2, b'0', 0, '2 M Bio-ingenieur Cel- en Genbiotechnologie/Medische Biotechnologie', 2, 2),
(3, b'0', 0, '2 M Bio-ingenieur Cel- en Genbiotechnologie/Moleculaire Biotechnologie', 2, 3),
(4, b'0', 0, '1 M Bio-ingenieur Cel- en genbiotechnologie/Agrobiotechnologie', 1, 4),
(5, b'0', 0, '1 M Bio-ingenieur Cel- en genbiotechologie/Medische biotechnologie', 1, 5),
(6, b'0', 0, '1 M Bio-ingenieur Cel- en genbiotechologie/Moleculaire biotechnologie', 1, 6),
(7, b'0', 0, '1 M Bio-ingenieur Chemie en Bioprocestechnologie/Biochemische biotechnologie', 1, 7),
(8, b'0', 0, '1 M Bio-ingenieur Chemie en Bioprocestechnologie/Chemische biotechnologie', 1, 8),
(9, b'0', 0, '1 M Bio-ingenieur Chemie en Bioprocestechnologie/Voedingsbiotechnologie', 1, 9),
(10, b'0', 0, '2 M Bio-ingenieur Chemie en bioprocestechnologie/Voedingsbiotechnologie', 2, 9),
(11, b'0', 0, '2 M Bio-ingenieur Chemie en bioprocestechnologie/Katalyse en biomoleculair ontwerp', 2, 10),
(12, b'0', 0, '1 B Bio-ingenieurswetenschappen', 1, 11),
(13, b'0', 0, '2 B Bio-ingenieurswetenschappen', 2, 11),
(14, b'0', 0, '3 B Bio-ingenieurswetenschappen/Cel-en genbiotechnologie', 3, 12),
(15, b'0', 0, '3 B Bio-ingenieurswetenschappen/Chemie en bioprocestechnologie', 3, 13),
(16, b'0', 0, '1 B Biologie', 1, 14),
(17, b'0', 0, '1 B Biologie (Keuze)', 1, 14),
(18, b'0', 0, '2 B Biologie', 2, 14),
(19, b'0', 0, '2 B Biologie (keuze)', 2, 14),
(20, b'0', 0, '3 B Biologie', 3, 14),
(21, b'0', 0, '3 B Biologie (keuze)', 3, 14),
(22, b'0', 0, '1 M Biologie optie Genetica, Cel en Ontwikkelingsbiologie', 1, 15),
(23, b'0', 0, '1 M Biologie optie Milieu: Biodiversiteit en ecosystemen', 1, 16),
(24, b'0', 0, '1 M Biologie optie Milieu: Biodiversiteit en ecosystemen (keuze)', 1, 16),
(25, b'0', 0, '2 M Biologie optie Onderwijs', 2, 17),
(26, b'0', 0, '1 M Biologie optie onderwijs profiel Genetica, cel- en ontwikkelingsbiologie', 1, 18),
(27, b'0', 0, '1 M Biologie optie onderwijs profiel Milieu: Biodiversiteit en ecosystemen', 1, 19),
(28, b'0', 0, '2 M Biologie/Genetica, Cel en Ontwikkelingsbiologie (keuze)', 2, 20),
(29, b'0', 0, '2 M Biologie/Milieu: Biodiversiteit en ecosystemen (keuze)', 2, 21),
(30, b'0', 0, '1 M Biology - Environment: Biodiversity and Ecosystems', 1, 22),
(31, b'0', 0, '2 M Biology - Environment: Biodiversity and Ecosystems', 2, 22),
(32, b'0', 0, '1 M Biology - Environment: Biodiversity and Ecosystems (electives)', 1, 23),
(33, b'0', 0, '1 M Biology - Genetics, Cell and Developmental Biology', 1, 24),
(34, b'0', 0, '2 M Biology - Genetics, Cell and Developmental Biology', 2, 24),
(35, b'0', 0, '1 M Biology - Genetics, Cell and Developmental Biology (electives)', 1, 25),
(36, b'0', 0, '1 M Biology - Herpetology', 1, 26),
(37, b'0', 0, '2 M Biology - Herpetology', 2, 26),
(38, b'0', 0, '1 M Biology - Human Ecology', 1, 27),
(39, b'0', 0, '2 M Biology - Human Ecology', 2, 27),
(40, b'0', 0, '1 M Biology - Human Ecology (electives)', 1, 28),
(41, b'0', 0, '2 M Biology - Human Ecology (electives)', 2, 28),
(42, b'0', 0, '1 M Biology - Tropical Biodiversity and Ecosystems', 1, 29),
(43, b'0', 0, '1 M Biomoleculaire Wetenschappen', 1, 30),
(44, b'0', 0, '2 M Biomoleculaire Wetenschappen (keuze)', 2, 30),
(45, b'0', 0, '1 M Biomolecular Sciences', 1, 31),
(46, b'0', 0, '2 M Biomolecular Sciences (electives)', 2, 32),
(47, b'0', 0, '1 B Chemie', 1, 33),
(48, b'0', 0, '1 B Chemie (Keuze)', 1, 33),
(49, b'0', 0, '2 B Chemie', 2, 33),
(50, b'0', 0, '2 B Chemie (keuze)', 2, 33),
(51, b'0', 0, '3 B Chemie', 3, 33),
(52, b'0', 0, '3 B Chemie (keuze)', 3, 33),
(53, b'0', 0, '1 M Chemie', 1, 34),
(54, b'0', 0, '1 M Chemie cluster Analysis and characterization (keuze)', 1, 35),
(55, b'0', 0, '1 M Chemie cluster Environmental chemistry (keuze)', 1, 36),
(56, b'0', 0, '1 M Chemie cluster Materials chemistry (keuze)', 1, 37),
(57, b'0', 0, '1 M Chemie cluster Molecular and Macromolecular design (keuze)', 1, 38),
(58, b'0', 0, '1 M Chemie minor industrie (keuze)', 1, 39),
(59, b'0', 0, '1 M Chemie minor onderzoek (keuze)', 1, 40),
(60, b'0', 0, '2 M Chemie optie Industrie (keuze)', 2, 41),
(61, b'0', 0, '2 M Chemie optie Onderwijs', 2, 42),
(62, b'0', 0, '2 M Chemie optie Onderwijs (keuze)', 2, 42),
(63, b'0', 0, '2 M Chemie optie onderzoek (keuze)', 2, 43),
(64, b'0', 0, '1 B Computerwetenschappen', 1, 44),
(65, b'0', 0, '1 B Computerwetenschappen (Keuze)', 1, 44),
(66, b'0', 0, '2 B Computerwetenschappen', 2, 44),
(67, b'0', 0, '2 B Computerwetenschappen (keuze)', 2, 44),
(68, b'0', 0, '3 B Computerwetenschappen', 3, 44),
(69, b'0', 0, '3 B Computerwetenschappen (keuze)', 3, 44),
(70, b'0', 0, '3 B Computerwetenschappen VP voor Prof. BA Toegepaste Informatica', 3, 45),
(71, b'0', 0, '3 B Computerwetenschappen VP voor Prof. BA Toegepaste Informatica (Keuze)', 3, 45),
(72, b'0', 0, '1 M Computerwetenschappen/Artificiele Intelligentie', 1, 46),
(73, b'0', 0, '2 M Computerwetenschappen/Artificiele Intelligentie', 2, 46),
(74, b'0', 0, '1 M Computerwetenschappen/Languages and Software Engineering', 1, 47),
(75, b'0', 0, '2 M Computerwetenschappen/Languages and Software Engineering', 2, 47),
(76, b'0', 0, '1 M Computerwetenschappen/Multimedia', 1, 48),
(77, b'0', 0, '2 M Computerwetenschappen/Multimedia', 2, 48),
(78, b'0', 0, '1 M Computerwetenschappen/Web & Informatiesystemen', 1, 49),
(79, b'0', 0, '2 M Computerwetenschappen/Web & Informatiesystemen', 2, 49),
(80, b'0', 0, '1 B Fysica', 1, 50),
(81, b'0', 0, '1 B Fysica (Keuze)', 1, 50),
(82, b'0', 0, '2 B Fysica', 2, 50),
(83, b'0', 0, '2 B Fysica (keuze)', 2, 50),
(84, b'0', 0, '3 B Fysica', 3, 50),
(85, b'0', 0, '3 B Fysica (keuze)', 3, 50),
(86, b'0', 0, '1 M Fysica en Sterrenkunde optie Economie en Bedrijfsleven', 1, 51),
(87, b'0', 0, '1 M Fysica en Sterrenkunde optie Economie en Bedrijfsleven (keuze)', 1, 51),
(88, b'0', 0, '2 M Fysica en Sterrenkunde optie Economie en Bedrijfsleven (keuze)', 2, 51),
(89, b'0', 0, '1 M Fysica en Sterrenkunde optie Onderwijs', 1, 52),
(90, b'0', 0, '1 M Fysica en Sterrenkunde optie Onderwijs (keuze)', 1, 52),
(91, b'0', 0, '2 M Fysica en Sterrenkunde optie onderwijs (keuze)', 2, 52),
(92, b'0', 0, '1 M Fysica en Sterrenkunde optie Onderzoek', 1, 53),
(93, b'0', 0, '1 M Fysica en Sterrenkunde optie Onderzoek (keuze)', 1, 53),
(94, b'0', 0, '2 M Fysica en Sterrenkunde optie onderzoek (keuze)', 2, 53),
(95, b'0', 0, '1 B Geografie', 1, 54),
(96, b'0', 0, '2 B Geografie', 2, 54),
(97, b'0', 0, '2 B Geografie (Keuze)', 2, 54),
(98, b'0', 0, '3 B Geografie', 3, 54),
(99, b'0', 0, '3 B Geografie (keuze)', 3, 54),
(100, b'0', 0, '1 B Geografie (Chemie)', 1, 55),
(101, b'0', 0, '2 B Geografie (Chemie)', 2, 55),
(102, b'0', 0, '1 B Geografie (Sociologie)', 1, 56),
(103, b'0', 0, '2 B Geografie (Sociologie)', 2, 56),
(104, b'0', 0, '1 M Geografie/Ruimtelijke analyse van de omgeving', 1, 57),
(105, b'0', 0, '1 M Geografie/Ruimtelijke analyse van de omgeving optie onderwijs', 1, 58),
(106, b'0', 0, '2 M Geografie/Ruimtelijke analyse van de omgeving optie onderwijs', 2, 58),
(107, b'0', 0, '2 M Geografie/Ruimtelijke analyse van de omgeving optie onderwijs (keuze)', 2, 58),
(108, b'0', 0, '2 M Geografie/Ruimtelijke analyse van de omgeving optie onderzoek', 2, 59),
(109, b'0', 0, '1 M Geografie/Ruimtelijke analyse van de omgeving optie professionalisering', 1, 60),
(110, b'0', 0, '2 M Geografie/Ruimtelijke analyse van de omgeving optie professionalisering', 2, 60),
(111, b'0', 0, '1 M Geografie/Stadsgeografie', 1, 61),
(112, b'0', 0, '1 M Geografie/Stadsgeografie optie onderwijs', 1, 62),
(113, b'0', 0, '2 M Geografie/Stadsgeografie optie onderwijs', 2, 62),
(114, b'0', 0, '2 M Geografie/Stadsgeografie optie onderwijs (keuze)', 2, 62),
(115, b'0', 0, '2 M Geografie/Stadsgeografie optie onderzoek', 2, 63),
(116, b'0', 0, '1 M Geografie/Stadsgeografie optie professionalisering', 1, 64),
(117, b'0', 0, '2 M Geografie/Stadsgeografie optie professionalisering', 2, 64),
(118, b'0', 0, '1 M Geografie/Terrestrische Ecosystemen en Global Change', 1, 65),
(119, b'0', 0, '1 M Geografie/Terrestrische Ecosystemen en Global Change optie onderwijs', 1, 66),
(120, b'0', 0, '2 M Geografie/Terrestrische Ecosystemen en Global Change optie onderwijs', 2, 66),
(121, b'0', 0, '2 M Geografie/Terrestrische Ecosystemen en Global Change optie onderwijs (keuze)', 2, 66),
(122, b'0', 0, '2 M Geografie/Terrestrische Ecosystemen en Global Change optie onderzoek', 2, 67),
(123, b'0', 0, '1 M Geografie/Terrestrische Ecosystemen en Global Change optie professionalisering', 1, 68),
(124, b'0', 0, '2 M Geografie/Terrestrische Ecosystemen en Global Change optie professionalisering', 2, 68),
(125, b'0', 0, '1 M Geography/Development and Environment', 1, 69),
(126, b'0', 0, '2 M Geography/Development and Environment', 2, 69),
(127, b'0', 0, '1 M Geography/Space and Society', 1, 70),
(128, b'0', 0, '2 M Geography/Space and Society', 2, 70),
(129, b'0', 0, '1 M Geography/Terrestrial Ecosystems and Environmental Change', 1, 71),
(130, b'0', 0, '2 M Geography/Terrestrial Ecosystems and Environmental Change', 2, 71),
(131, b'0', 0, 'MM Actuariele wetenschappen', 1, 72),
(132, b'0', 0, '1 M Marine and Lacustrine Science and Management (Keuze)', 1, 73),
(133, b'0', 0, '2 M Marine and Lacustrine Science and Management (Keuze)', 2, 73),
(134, b'0', 0, '1 M Marine and Lacustrine Science and Management: Biodiversity and Ecology/choice 1', 1, 74),
(135, b'0', 0, '1 M Marine and Lacustrine Science and Management: Biodiversity and Ecology/choice 2', 1, 75),
(136, b'0', 0, '2 M Marine and Lacustrine Science and Management: Conservation Biology and Ecosystem Management/UGent trajectory', 2, 76),
(137, b'0', 0, '2 M Marine and Lacustrine Science and Management: Conservation Biology and Ecosystem Management/VUB trajectory', 2, 77),
(138, b'0', 0, '1 M Marine and Lacustrine Science and Management: Conservation Biology and Ecosystem Management/choice1', 1, 78),
(139, b'0', 0, '1 M Marine and Lacustrine Science and Management: Conservation Biology and Ecosystem Management/choice2', 1, 79),
(140, b'0', 0, '1 M Marine and Lacustrine Science and Management: Earth System Sciences/choice 1', 1, 80),
(141, b'0', 0, '1 M Marine and Lacustrine Science and Management: Earth System Sciences/choice2', 1, 81),
(142, b'0', 0, '2 M Marine and Lacustrine Science and Management: Environmental Impact and Remediation/UGent trajectory', 2, 82),
(143, b'0', 0, '2 M Marine and Lacustrine Science and Management: Environmental Impact and Remediation/VUB trajectory', 2, 83),
(144, b'0', 0, '1 M Marine and Lacustrine Science and Management: Environmental Impact and Remediation/choice1', 1, 84),
(145, b'0', 0, '1 M Marine and Lacustrine Science and Management: Environmental Impact and Remediation/choice2', 1, 85),
(146, b'0', 0, 'Master in de Toegepaste Informatica', 1, 86),
(147, b'0', 0, '1 M Molecular Biology', 1, 87),
(148, b'0', 0, '2 M Molecular Biology specialisation Animal Production', 2, 88),
(149, b'0', 0, '2 M Molecular Biology specialisation Human Health', 2, 89),
(150, b'0', 0, '2 M Molecular Biology specialisation Plant Production', 2, 90),
(151, b'0', 0, 'Schakelprogr. M in de Computerwetenschappen', 1, 91),
(152, b'0', 0, 'Schakelprogr. M in de Toegepaste Informatica', 1, 92),
(153, b'0', 0, '1 M Stedenbouw en Ruimtelijk planning - deeltraject 1', 1, 93),
(154, b'0', 0, '1 M Stedenbouw en Ruimtelijk planning - deeltraject 2', 1, 94),
(155, b'0', 0, '1 M Stedenbouw en Ruimtelijk planning - deeltraject 3', 1, 95),
(156, b'0', 0, '1 M Stedenbouw en Ruimtelijk planning : schakelprogramma', 1, 96),
(157, b'0', 0, '1 M Stedenbouw en Ruimtelijk planning : voorbereidingsprogramma', 1, 97),
(158, b'0', 0, '1 M Urban Studies', 1, 98),
(159, b'0', 0, 'Voorbereidingsprogr. M in de Computerwetenschappen', 1, 99),
(160, b'0', 0, 'Voorbereidingsprogr. M in de Geografie', 1, 100),
(161, b'0', 0, 'Voorbereidingsprogr. M in de Toegepaste Informatica', 1, 101),
(162, b'0', 0, 'Voorbereidingsprogramma MM Actuariele Wetenschappen', 1, 102),
(163, b'0', 0, '1 B Wiskunde', 1, 103),
(164, b'0', 0, '1 B Wiskunde (keuze)', 1, 103),
(165, b'0', 0, '2 B Wiskunde', 2, 103),
(166, b'0', 0, '2 B Wiskunde (keuze)', 2, 103),
(167, b'0', 0, '3 B Wiskunde', 3, 103),
(168, b'0', 0, '3 B Wiskunde (keuze)', 3, 103),
(169, b'0', 0, '1 M Wiskunde/Financiele Wiskunde', 1, 104),
(170, b'0', 0, '1 M Wiskunde/Financiele Wiskunde (Keuze)', 1, 104),
(171, b'0', 0, '2 M Wiskunde/Financiele Wiskunde (keuze)', 2, 104),
(172, b'0', 0, '1 M Wiskunde/Fundamentele Wiskunde', 1, 105),
(173, b'0', 0, '1 M Wiskunde/Fundamentele Wiskunde (Keuze)', 1, 105),
(174, b'0', 0, '2 M Wiskunde/Fundamentele Wiskunde (keuze)', 2, 105),
(175, b'0', 0, '1 M Wiskunde/Onderwijs (Keuze)', 1, 106),
(176, b'0', 0, '2 M Wiskunde/Onderwijs (keuze)', 2, 106);

-- --------------------------------------------------------

--
-- Table structure for table `TRAJECT_COURSE`
--

CREATE TABLE IF NOT EXISTS `TRAJECT_COURSE` (
  `TrajectID` int(11) NOT NULL,
  `CourseID` int(11) NOT NULL,
  PRIMARY KEY (`TrajectID`,`CourseID`),
  KEY `FK_pbfre7gcohfknliq5ydeak0rv` (`CourseID`)
) ENGINE=InnoDB DEFAULT CHARSET=latin1;

--
-- Dumping data for table `TRAJECT_COURSE`
--

INSERT INTO `TRAJECT_COURSE` (`TrajectID`, `CourseID`) VALUES
(95, 3),
(100, 3),
(101, 3),
(18, 55),
(67, 97),
(69, 97),
(13, 140),
(23, 220),
(27, 220),
(30, 220),
(40, 220),
(41, 220),
(42, 220),
(84, 278),
(3, 291),
(10, 291),
(11, 291),
(9, 301),
(82, 324),
(166, 324),
(168, 324),
(13, 350),
(49, 350),
(82, 350),
(173, 402),
(174, 402),
(24, 421),
(27, 421),
(29, 421),
(31, 421),
(32, 421),
(38, 421),
(59, 421),
(63, 421),
(135, 421),
(139, 421),
(141, 421),
(145, 421),
(162, 438),
(168, 438),
(147, 444),
(147, 451),
(147, 458),
(49, 471),
(64, 559),
(97, 559),
(99, 559),
(159, 559),
(161, 559),
(164, 559),
(166, 559),
(168, 559),
(78, 568),
(149, 593),
(83, 597),
(85, 597),
(163, 597),
(78, 599),
(146, 599),
(1, 610),
(22, 666),
(23, 666),
(26, 666),
(27, 666),
(28, 666),
(30, 666),
(33, 666),
(34, 666),
(36, 666),
(40, 666),
(42, 666),
(14, 708),
(15, 708),
(5, 711),
(5, 727),
(1, 734),
(3, 734),
(11, 734),
(44, 734),
(46, 734),
(40, 768),
(98, 768),
(153, 768),
(147, 778),
(50, 805),
(52, 805),
(69, 805),
(83, 805),
(85, 805),
(164, 805),
(166, 805),
(168, 805),
(14, 809),
(15, 809),
(80, 821),
(164, 821),
(166, 821),
(168, 821),
(165, 832),
(49, 835),
(68, 835),
(96, 835),
(101, 835),
(103, 835),
(14, 841),
(15, 841),
(21, 841),
(14, 845),
(15, 845),
(50, 845),
(52, 845),
(165, 865),
(21, 870),
(98, 870),
(169, 878),
(175, 878),
(176, 878),
(20, 909),
(20, 915),
(14, 916),
(15, 916),
(20, 916),
(22, 930),
(26, 930),
(28, 930),
(34, 930),
(35, 930),
(36, 930),
(82, 953),
(78, 984),
(146, 984),
(162, 1002),
(167, 1002),
(1, 1011),
(51, 1011),
(4, 1021),
(5, 1021),
(6, 1021),
(7, 1021),
(8, 1021),
(9, 1021),
(43, 1028),
(44, 1028),
(45, 1028),
(43, 1029),
(44, 1029),
(45, 1029),
(22, 1031),
(24, 1031),
(26, 1031),
(27, 1031),
(28, 1031),
(29, 1031),
(31, 1031),
(32, 1031),
(33, 1031),
(34, 1031),
(43, 1031),
(44, 1031),
(45, 1031),
(14, 1035),
(22, 1050),
(26, 1050),
(28, 1050),
(34, 1050),
(35, 1050),
(44, 1050),
(46, 1050),
(45, 1055),
(4, 1063),
(6, 1063),
(4, 1065),
(6, 1065),
(3, 1070),
(86, 1071),
(89, 1071),
(92, 1071),
(93, 1075),
(94, 1075),
(93, 1078),
(94, 1078),
(93, 1081),
(94, 1081),
(93, 1083),
(94, 1083),
(22, 1107),
(24, 1107),
(26, 1107),
(27, 1107),
(28, 1107),
(32, 1107),
(34, 1107),
(35, 1107),
(40, 1107),
(147, 1134),
(1, 1141),
(72, 1158),
(73, 1158),
(72, 1164),
(73, 1164),
(58, 1171),
(60, 1171),
(173, 1210),
(174, 1210),
(173, 1226),
(174, 1226),
(175, 1226),
(176, 1226),
(173, 1227),
(174, 1227),
(175, 1227),
(176, 1227),
(170, 1230),
(171, 1230),
(173, 1230),
(174, 1230),
(175, 1230),
(176, 1230),
(172, 1232),
(174, 1232),
(175, 1232),
(176, 1232),
(172, 1250),
(175, 1250),
(176, 1250),
(173, 1251),
(174, 1251),
(169, 1252),
(172, 1252),
(175, 1252),
(176, 1252),
(170, 1262),
(171, 1262),
(173, 1262),
(174, 1262),
(43, 1357),
(44, 1357),
(45, 1357),
(170, 1390),
(171, 1390),
(170, 1391),
(171, 1391),
(44, 1414),
(46, 1414),
(72, 1438),
(74, 1438),
(76, 1438),
(78, 1438),
(162, 1486),
(165, 1486),
(16, 1487),
(167, 1488),
(12, 1502),
(19, 1502),
(48, 1502),
(50, 1502),
(52, 1502),
(95, 1502),
(100, 1502),
(102, 1502),
(166, 1502),
(168, 1502),
(80, 1511),
(13, 1518),
(18, 1518),
(49, 1518),
(83, 1518),
(85, 1518),
(16, 1526),
(47, 1526),
(64, 1526),
(70, 1526),
(95, 1526),
(100, 1526),
(102, 1526),
(151, 1526),
(152, 1526),
(16, 1529),
(47, 1529),
(64, 1529),
(70, 1529),
(95, 1529),
(100, 1529),
(102, 1529),
(151, 1529),
(152, 1529),
(49, 1531),
(97, 1531),
(99, 1531),
(49, 1532),
(48, 1535),
(50, 1535),
(52, 1535),
(49, 1539),
(40, 1540),
(53, 1540),
(13, 1545),
(20, 1545),
(17, 1548),
(48, 1548),
(65, 1548),
(100, 1548),
(102, 1548),
(17, 1558),
(51, 1568),
(86, 1585),
(89, 1585),
(92, 1585),
(86, 1587),
(89, 1587),
(92, 1587),
(56, 1643),
(57, 1643),
(74, 1722),
(75, 1722),
(24, 1730),
(32, 1730),
(40, 1730),
(37, 1748),
(104, 1761),
(126, 1761),
(129, 1761),
(1, 1793),
(1, 1797),
(4, 1797),
(45, 1825),
(83, 1844),
(85, 1844),
(49, 1850),
(51, 1851),
(57, 1859),
(57, 1860),
(57, 1861),
(7, 1864),
(153, 1871),
(154, 1875),
(154, 1877),
(154, 1881),
(154, 1883),
(153, 1884),
(156, 1891),
(157, 1891),
(78, 2015),
(79, 2015),
(146, 2015);

-- --------------------------------------------------------

--
-- Table structure for table `USER`
--

CREATE TABLE IF NOT EXISTS `USER` (
  `UserID` int(11) NOT NULL AUTO_INCREMENT,
  `Enabled` bit(1) NOT NULL,
  `Language` varchar(255) DEFAULT NULL,
  `Password` varchar(255) NOT NULL,
  `Username` varchar(255) NOT NULL,
  `PersonID` int(11) DEFAULT NULL,
  `UserRoleID` int(11) DEFAULT NULL,
  PRIMARY KEY (`UserID`),
  KEY `FK_t6uunb3nji8y6ce2fples8hyg` (`PersonID`),
  KEY `FK_n0f80f9rpybdlajaluvw5temt` (`UserRoleID`)
) ENGINE=InnoDB  DEFAULT CHARSET=latin1 AUTO_INCREMENT=245 ;

--
-- Dumping data for table `USER`
--

INSERT INTO `USER` (`UserID`, `Enabled`, `Language`, `Password`, `Username`, `PersonID`, `UserRoleID`) VALUES
(1, b'1', 'EN_UK', '1329988103144214870038797299239909535253435621164540055979981526868474937661548381510745027392682369430599701527334698017311827770340262944593576479636', 'leermakers.martine', 1, 1),
(2, b'1', 'EN_UK', '1798630549693096306720192790760647242981471993642377665517814748749378008025092698847624580569742939525954754888598144875890908385363143643137111813727', 'detroyer.olga', 2, 2),
(3, b'1', 'EN_UK', '889951111969847780463727524654683827250584903772083639770686760807791255323507157787720218320684385759573382321860312889660031770882901812678785344740', 'debruyne.christophe', 3, 3),
(4, b'1', 'EN_UK', '2673155210296836646054348777438341364007537805965895240811763679896716518402488033738749917460240364041340691103863256249768561784350454926863157662625', 'meersman.robert', 4, 4),
(5, b'1', 'EN_UK', '2987538969813054251359759729380062988424602503744903319173680619759278530147381621470538877741343984471883892286506660738309221026386837123568089003940', 'demeuter.wolfgang', 5, 5),
(6, b'1', 'EN_UK', '3146542633467758320496318193733148113583160555089914445847002472502150780603607859989702704564682755485098027995304471633800701912551434471049191224891', 'keppens.edward', 6, 6),
(7, b'1', 'EN_UK', '1400161218812575515430783207549605185814435265423004882497916312519911418537072844955235844502721913636130617669857479096607113375136175104518543724905', 'leyns.luc', 7, 7),
(8, b'1', 'EN_UK', '1990887821973515160617742779415881144522922138852290800686141071328435551842197553871732879910149485486972665299149076993527815309592882761430112283171', 'vanbekbergen.nele', 8, 8),
(9, b'1', 'EN_UK', '498070343199000962031569414033050609415617998596471219465860884502590230141980537921245735762345893763074651834432807649097996794429210945370610338670', 'hernalsteens.jean-pierre', 9, 9),
(10, b'1', 'EN_UK', '1513958944995401511495289512622471175473162370520579521689099663285119139786268267622380191866602199252865547106771086529160140676621469737149660715944', 'dhondt.jorgen', 10, 10),
(11, b'1', 'EN_UK', '2000204457357587114530689741652858310570128232580205062066456505623610745533355401274305344855076877662661148725586371272488849632759681788563193144743', 'maes.michael', 11, 11),
(12, b'1', 'EN_UK', '679781168592271510685580043802371933960108283384785748589304267628888403759271285698545586535031217812230804128661405099058010588355023289649240201522', 'blyweert.stijn', 12, 12),
(13, b'1', 'EN_UK', '3206876662179643963158656621978583381257822924398771221727018302101539838186204571142714295089950974470983422828397903662097187107750767957139406186489', 'verschaffelt.guy', 13, 13),
(14, b'1', 'EN_UK', '298166269089524776591981128594603321884957638854284647283478090634105379370436505138106587849618650440727563675189679872537469545347386656140843777426', 'vandersande.guy', 14, 14),
(15, b'1', 'EN_UK', '2934451737610928685347260599525738907718193974708861913917419636166602875561323155191437125850266920341327317313603057491116815619912883132990927714949', 'vancutsem.tom', 15, 15),
(16, b'1', 'EN_UK', '103543108517015926882057364157985849211176742743757945446405435707956377223825622655436719208161606957170799162095027657772160015916549691608109105931', 'charlier.daniel', 16, 16),
(17, b'1', 'EN_UK', '442141957381845105931639594832319479825532275451563220410249836406001854035241113938365793848603703605934698122120905116160848122156594851936324044931', 'muyldermans.serge', 17, 17),
(18, b'1', 'EN_UK', '1565518844449094711381803881330012195276687404439493007363582395491700838097654638361590069481617758423583448343903286669410764913034611530017156019927', 'eeltink.sebastiaan', 18, 18),
(19, b'1', 'EN_UK', '149994246625207304086113256805881837110592714324897722018342852820648226574052181956275744930030117945840745783514783358223936174491371636931647816397', 'vandermeeren.paul', 19, 19),
(20, b'1', 'EN_UK', '3212360261845558447344854769374613861120421764095760013220481189014928978457327483829355987736549856004393902757311922274826392246695756945184825719444', 'kochzius.marc', 20, 20),
(21, b'1', 'EN_UK', '2531842110011625878528044061722995101365642660904538684088820446700109030744776209828870104609496997903132345616635363409449418747742793160590244880366', 'we.decaan', 21, 21),
(22, b'1', 'EN_UK', '2688885283519363958210512629884714938855146456328405597686789508322735783471141062311519448479253569034882910498196276609644191594553370708177116302529', 'craps.ben', 22, 22),
(23, b'1', 'EN_UK', '118771632456058271531174408627586757821462177686101450054478451732595806193113266664759516980051610186147010239399104302918280995379675921387364472688', 'denayer.joeri', 23, 23),
(24, b'1', 'EN_UK', '2279488573156275639923455377927029603345951951476668662431051490402523021470230485872480211860581587035793691828500308610964837894950957290561128107978', 'devuyst.luc', 24, 24),
(25, b'1', 'EN_UK', '2064521436864445848144089605049656882731517340087236969355803788212530176911367498026324900470234864389459034794069831050767671954438740033787543081463', 'vanmele.bruno', 25, 25),
(26, b'1', 'EN_UK', '942538073252468124835432728778288923014864766216559706649751393321086624461212892470185730521676223935782945469217850573528002014166033793293121771908', 'verniest.guido', 26, 26),
(27, b'1', 'EN_UK', '184605942119704855749921097788571511017310665120071490578080800311132502185267189341690396590120123798105970332303530008408164421896310057838663667174', 'vanassche.guy', 27, 27),
(28, b'1', 'EN_UK', '2170247040797823972392244991326192084595753141789130784451602131240264098384263621528847546096994204898817456413025513476257889246268427784451701856452', 'windels.bart', 28, 28),
(29, b'1', 'EN_UK', '2153153155374979679790385749727806915212729878660739000559715991685447291856585738554084499669381471581979180288568330698777385325202400210181611630260', 'kieboom.rudger', 29, 29),
(30, b'1', 'EN_UK', '1220140298215021717315212669137015709801160953324161404182878439858797398925192264305436071643664486318893653288288801702469490146904904578209233771015', 'sevrin.alexandre', 30, 30),
(31, b'1', 'EN_UK', '3102647671559702608945926550907930152094135593025703522658669174815882192358298895231492927015898353542419499190389097615396194304439506437237887974905', 'vanassche.tom', 31, 31),
(32, b'1', 'EN_UK', '1491195293193391897975964496861767075603399682836668702917036103753477146232988849193912026344349563203739797472387355951719857528690375885481753286645', 'now?.ann', 32, 32),
(33, b'1', 'EN_UK', '1543002709147768256510085413111838814339230981001185158453287767590762764485990342028560732653053269423895607772737274625727792772847751588812262130571', 'meskensad.jozef', 33, 33),
(34, b'1', 'EN_UK', '524233902831035900885875260032740434629072188713441233344589799202659904066253096920362007457227709711062787313910230658973985589742897715311887213269', 'dehairs.frank', 34, 34),
(35, b'1', 'EN_UK', '2097499637437191599946694082926169430855159734339598785076861208414864149275997293620238647717094812230709945687818580825922176860967053222355220846750', 'einmahl.uwe', 35, 35),
(36, b'1', 'EN_UK', '2215242358976559578051308645305635795143875244963401109408938068667037892517495056953309186436182223196358050925633818609982982925268131042016030223260', 'willaert.ronnie', 36, 36),
(37, b'1', 'EN_UK', '2945773474233382759445998508232258678042641468784355122069957310929670665154289110057138906185895236978961811520994728326248068604496226403384235541085', 'magez.stefan', 37, 37),
(38, b'1', 'EN_UK', '1905018816951939267516998812637776015273310819143976182039476358995636526499220190685240132527470140107501421298092143872947014506138724852070267534149', 'goddeeris.bruno', 38, 38),
(39, b'1', 'EN_UK', '750952625405729345016467785895261424562288900599426230676434915496733633326613754286295963265593704345244472212510926730815502042344114621258881623098', 'vandriessche.edilbert', 39, 39),
(40, b'1', 'EN_UK', '2458524484459854082566432442332086322104941723288726176974417520278000544246535466842591457488717554114741596720106755631339688916593775076284161643636', 'debaetselier.patrick', 40, 40),
(41, b'1', 'EN_UK', '2711716770096666260605849670998858538288083913695002057938896906272940756303523443542016579242464167895300746633378010961266746715579099378868665532666', 'odongo.steven', 41, 41),
(42, b'1', 'EN_UK', '34829446911069914413498420650423466140703808902765950486161736745455872346873652999268885444533443290532234297184691347568921286709403630111815865566', 'willems.rudi', 42, 42),
(43, b'1', 'EN_UK', '1458784141946237207252778582892059946662291349318419454676435293202607939558115441812134341725063256905470024764291732201276469937443054975011075008725', 'hassanzadehghassabeh.gholamreza', 43, 43),
(44, b'1', 'EN_UK', '2257627399439931643117341972228255684848933200143127718884466229439959152523565201429790239162106436471353699522134953181901262048180014349476521064667', 'cornelis.pierre', 44, 44),
(45, b'1', 'EN_UK', '515892545988886840577165489624836319844619369353296671491657700397292899414793588725874890997171846489339269676624995246632652373789264711173023769809', 'beeckmans.sonia', 45, 45),
(46, b'1', 'EN_UK', '481802759728135926486703158117763267837762697207366182962570270667723554438010980452125274821165593053826542520685987796842555435648084223880659946309', 'wilms.rudi', 46, 46),
(47, b'1', 'EN_UK', '1096231901533861626304138128807707742890702302795482266792843923640202701999853158413624785455529115392047260086433429714911495549028222874470989692857', 'maes.dominique', 47, 47),
(48, b'1', 'EN_UK', '1149178032455534350650586185436803569286450027462544754287608141612911788316211658916827431241107656340488382313755254990135921954597651246104964090942', 'degreve.henri', 48, 48),
(49, b'1', 'EN_UK', '2982241212556832485174237026776837803759667854234435116085986016809286366849965153401019365986401171545022572349685490427123503561685110791408453862962', 'deproft.frank', 49, 49),
(50, b'1', 'EN_UK', '2107784821509775917645051464892111703747918779389172073817599623848309261137185963124468157027309075909082127468116465200218819917326560795394923926191', 'loris.remy', 50, 50),
(51, b'1', 'EN_UK', '303096335549253865461199410590762057292117826921505961608189782923844230578238212707367426009242753698440208407847817721747586218121867003306501352584', 'nieuwenhuysen.paul', 51, 51),
(52, b'1', 'EN_UK', '1075626190319015695386574668436499197073961468744897096743919942812297952739358373906633108262082230343679987771659211950759456245648363313150507818484', 'deelstra.griselda', 52, 52),
(53, b'1', 'EN_UK', '2230112609509970878698174258886018923613160237675611777176135008348139736854349210408408516346181529935573083754188997368565551469163206801044339917807', 'signer.beat', 53, 53),
(54, b'1', 'EN_UK', '987252283409423912935712788554218319033750688075569242610224552686494784024665055207236102692320362076722608350646098750218394871771439231338772875976', 'roels.reinout', 54, 54),
(55, b'1', 'EN_UK', '2004779184730423300896033489922149881997943491739497667703825844970909886995927477100297949602821729859846959067107577126421634454711770108544509541621', 'verlaak.robert', 55, 55),
(56, b'1', 'EN_UK', '1913849517966280323966581544831640600122105537227191577686202613041612057437753690401542240712150865290774230806525104536989079204798097337532639139412', 'everaert.kim', 56, 56),
(57, b'1', 'EN_UK', '2791786266536354939020346877933319173763096204445626786635624156458290519681973765493491305285905022710155391637318284365120108200547394767464469350498', 'vangeertruyden.jean-pierre', 57, 57),
(58, b'1', 'EN_UK', '3077414455812104958266640445097917874074939909365503464384382675566050749555488656787696093897167238031726107818715726018968554205755205710919934374564', 'weyler.joost', 58, 58),
(59, b'1', 'EN_UK', '2525254152681971102451595947876613777498199400277872221160575777964436274267259303583101452289112138478780731186207235089787591552238591897017030598031', 'vanhul.wim', 59, 59),
(60, b'1', 'EN_UK', '3215863453251864622154419337122120708017518406979647553024417310506259465886362673925119738972595177599762468117906057603507692952850119773582288859200', 'chuah.marinee', 60, 60),
(61, b'1', 'EN_UK', '2888240070281110954979085118630729137783292700757141237134692099579167786554966683072897839527137308719694792989494023724609983165745720965816691249762', 'jespers.eric', 61, 61),
(62, b'1', 'EN_UK', '1334518930648402499899106032378189686487732275485053239739384782070150907926365141863743537057183742068205920621070628031237447226738318335071619278097', 'hauspie.roland', 62, 62),
(63, b'1', 'EN_UK', '1666298516213695313625492875410181110517849313772692102236086274736689849843744659562480252937707826751379727169526843833789378314830133692373661689905', 'kellens.andy', 63, 63),
(64, b'1', 'EN_UK', '3193215218446383090664876637851167467504345453179813612833468196657335936784095935121492631999717113968806797262099782458866920529147611495505930564334', 'deboer.bart', 64, 64),
(65, b'1', 'EN_UK', '1725765517064363558050739417287898659963906589061760620366384650702903739658825080787304140743359754558954115882977063318759385444064088387828353672782', 'baeyens.audrey', 65, 65),
(66, b'1', 'EN_UK', '2794448858281697705826388258691164280373194661587386501361134581680125203268014441086521630866650710660012031114660475927188941130626797984956363600397', 'cammue.bruno', 66, 66),
(67, b'1', 'EN_UK', '879420875801818591903124762116642974886497503729864484895167381313921952977449244320507678793661229881230203755295750622679405971088729498620491011007', 'smets.erik', 67, 67),
(68, b'1', 'EN_UK', '2546612414378925208587103203664666255669422650356237603192271515628472537887210381480220926503988703314356802339885159555230396968664186032572323503825', 'leroy.frederic', 68, 68),
(69, b'1', 'EN_UK', '2097816747131407073292607764409259180769058065068732555973567184438197151422638869932268388550224576030826821426367685356718961948514548751412612781756', 'vanginderachter.jo', 69, 69),
(70, b'1', 'EN_UK', '1820164588257810027814495315697385386574241108189646960516224378939163463161500958900050271479712032029773958313250700470800423623318776859217461613957', 'brants.johan', 70, 70),
(71, b'1', 'EN_UK', '2956718764086621006878805722627990786401397728235602331530498424837964122973020071258873318863009359706761505550053518043351539043994136353173461825559', 'vanderheyden.patrick', 71, 71),
(72, b'1', 'EN_UK', '457777174148990244479085700003895920384779797334548319266329005669472881953831638378194699549411031356370135323471763393353345339929789807907519915593', 'vauquelin.georges', 72, 72),
(73, b'1', 'EN_UK', '196944697201106892989364899527406152363811032366385007434109698592741875340977483506869957694570463758374610308248622053055795250168576058960285351141', 'ballet.steven', 73, 73),
(74, b'1', 'EN_UK', '984873243023540699918849333512833608688477619063540497479182799238904690580223652780721629450311241187638344581131725229727484133966084063565890843393', 'jonckers.viviane', 74, 74),
(75, b'1', 'EN_UK', '1044864445753700889618337157753488549255019768161025289800881735673258369623086722045241795182350609936307358062916154243836044439565664701535458766123', 'bassens.david', 75, 75),
(76, b'1', 'EN_UK', '171200428235506072388014399461081483505991469553842565751446635872376681890040947909968392552650718138043070171190774356943153096519519636094592952457', 'raes.geert', 76, 76),
(77, b'1', 'EN_UK', '422160609745079778055854045365509652694497806237175637387758679965024635626862991016094554139349524339867809015201550024785848115379362096113847695877', 'vanderperre.stijn', 77, 77),
(78, b'1', 'EN_UK', '1376428602708882499184502234634711587948257654482021543435007486981548692326008603030774515901450380859326535930258330502487426507618041488822486064990', 'couck.sarah', 78, 78),
(79, b'1', 'EN_UK', '1710602723038149324182052241991296022194579885909508753379944993300355212691321453569648191080341985302440649071028305037494674298103056498838627567225', 'angenon.geert', 79, 79),
(80, b'1', 'EN_UK', '2239536367946006079577071007636705212393052731300802005945962068676980476146334617575126543360870882090823000671411916282802701579100356788381707598550', 'kempenaers.walter', 80, 80),
(81, b'1', 'EN_UK', '497284203691311512460547372103438895056038134911079195369169186947215894377006081681485159089446602834621950197207864735931080802734700978705345231372', 'burssens.sylvia', 81, 81),
(82, b'1', 'EN_UK', '2133899472621374514009934707821995886309916072997168626543829557456357971280721383608392483726820803124270685781345445675764967604207198888565741590721', 'mathijs.erik', 82, 82),
(83, b'1', 'EN_UK', '2733824350639538839890994682944357906535406320599302708275250082365538396389173655215297303934869226174567299442318200880103549050412005734144636390225', 'tollens.eric', 83, 83),
(84, b'1', 'EN_UK', '285082518396495427311937319055772643231153861884364945571580860532386261373042619367094569729021776595575262442464560501564432934401676443542233515696', 'demalsche.wim', 84, 84),
(85, b'1', 'EN_UK', '1002220130524045367240196968495457034256203932552231318883376879976859667680977143686035603753045981928324664933487675595459862634841641994817046442588', 'versees.wim', 85, 85),
(86, b'1', 'EN_UK', '2500976384527372658985077596636524303453037651836920084912715020586158780010911389312754454469689011344044149324416563498145556666738092060885989909870', 'vandewater.karen', 86, 86),
(87, b'1', 'EN_UK', '2878333309634050604652651391734139105658595871929220190412902688816143511372980778633390933532417450919180439892064975998869486486722217020578161897448', 'croux.christophe', 87, 87),
(88, b'1', 'EN_UK', '773080698549041721089103546512538740718003370561656771832302081615145850568364808769534988202972674167607603220981068877159493266671507505870921030568', 'segers.anna-karina', 88, 88),
(89, b'1', 'EN_UK', '3201571768177403733477213560242482731178780445510266934567791822503890985809972519880478498684584230462235247676250897648867539406459080411729505208911', 'triest.ludwig', 89, 89),
(90, b'1', 'EN_UK', '2667745898509731503128314165072680133672868942013781892715481171834570660887835853013631253590013812076756771061876398368751840874882448260808259201157', 'oldeventerink.harry', 90, 90),
(91, b'1', 'EN_UK', '1742933850875318279424405498866088755982095563389755955677994916857513935555857504700530636627977460427356009392958347942403747985237471975703525183650', 'tompa.peter', 91, 91),
(92, b'1', 'EN_UK', '2964721884569333030555059846951623358337063310174166988656198290659545174685268322756622641537676830956830893040656713339065135244519584625674545226704', 'guharoy.mainak', 92, 92),
(93, b'1', 'EN_UK', '1491346520318846094081615930502009237999464120321588448331742634412693984533296885199067930367537700163745879022404744413971152614405478391668202759292', 'koedam.nico', 93, 93),
(94, b'1', 'EN_UK', '123656379520722457450347686973630971750524594575306605733996832900223676823705945097496647542810765328689365879487713059717874400235629142885585442443', 'bossuyt.franky', 94, 94),
(95, b'1', 'EN_UK', '724241937915556363547700585617697018074598809502377977553819095412975320174905020797031906618062927830767641415012978882692664451612069229445482696155', 'vanderven.rosa', 95, 95),
(96, b'1', 'EN_UK', '1685167633364219244778347400727975704871958167389389122039663324281883126911570615677240050575873237855611298834992039340462163281326286376898585513860', 'blommaert.joris', 96, 96),
(97, b'1', 'EN_UK', '1416652428080267043131127761102291588941592095958157407106975459151714375728464397784799364464632565003433526278967446099666210204954011645847133794415', 'mennekens.nicki', 97, 97),
(98, b'1', 'EN_UK', '79572361876730393711505519519267181941067086274573019075434504102809806233981320074541372415568325409593109628077952274138006630365897504918115263423', 'degreve.jean', 98, 98),
(99, b'1', 'EN_UK', '1306320439316900081358756667182208433761753449778051318427911029558721987385130487076941839512097879423420858817187877109808105515450877203784135539505', 'touhafi.abdellah', 99, 99),
(100, b'1', 'EN_UK', '680713114959990795028829305274500573401955059335986915704089631544090685293172482705423161846954711800923298141112516175610696437821159279770554857225', 'geerardyn.dave', 100, 100),
(101, b'1', 'EN_UK', '2916558292144612826973801694395779630658632771046482351665988185111002668793807670930484332967681010521628945681419332923214749471944138267124223161658', 'deroover.coen', 101, 101),
(102, b'1', 'EN_UK', '1640330447443355402413010840144603689802556472386344946011922016210790870551188619848454923350317907295723921903479632057652819468820207131646256008043', 'pot.bruno', 102, 102),
(103, b'1', 'EN_UK', '2509075321139701587994185503048647782833215420279743201744187507723483541218785130717904537244805968441053802514982247171705920718700901460909175527298', 'desmet.gert', 103, 103),
(104, b'1', 'EN_UK', '2235321397507687320638997007600074184189300265710334998209624209398634405798200696590011154265458377567546430633368120739317393943275561915862147486048', 'weckx.stefan', 104, 104),
(105, b'1', 'EN_UK', '3108406826934325897402451911881926498593085574995709449200119029356322494291727508391350730452536277506742499884432827978874966372162366974816888776529', 'deschepper.peter', 105, 105),
(106, b'1', 'EN_UK', '2396114288455850645275627055775689146453841158742567333440494859831424425631116222945577083017155008549505735122948477670650340318405322405929861672614', 'remaut.hankarel', 106, 106),
(107, b'1', 'EN_UK', '1494902965434052971036752296556573106823583259815875153860005999034543595507214428844712896090161927363404744659037731561760016926814367407977057537990', 'vandendriessche.thierry', 107, 107),
(108, b'1', 'EN_UK', '1240465788131274604281614114556143760932968252027814344365446012757630306821412065142723207325146393528132512955839538904245911866669466517311521053897', 'broeckhoven.ken', 108, 108),
(109, b'1', 'EN_UK', '995793531164627037674061509161528887449254519846893714364606000068593316496043541817509412688893519522700129654238817997607863333055179810185448131785', 'declercq.catherine', 109, 109),
(110, b'1', 'EN_UK', '2728430529709285105001958663508015939724234265638330621590673382635606006799934976261836871545631800640220246471102527793367664880385327040048037670774', 'ryckbosch.dirk', 110, 110),
(111, b'1', 'EN_UK', '350498229945053437810766037267072433938811473229183930730384704173580257822126546714064264770024896212696734502671497375318803765275210119889571917962', 'waelkens.christoffel', 111, 111),
(112, b'1', 'EN_UK', '1424326797593181007397057508943058509480271027723665636713057496119868256280656681243871330841027967742648320912999880301867609052954701131469540336934', 'lowette.steven', 112, 112),
(113, b'1', 'EN_UK', '1093648297832689975248668447366071680511837996208048939660016485753566537882509304008334710675296922005096057978962509508251513882422268281422896894300', 'frere.jean-marie', 113, 113),
(114, b'1', 'EN_UK', '828205547126944717588719959426892748005723491379110396730962751859374325780377397076400178723792722693860295664661964666722622717599735001548974533659', 'vanproeyen.antoine', 114, 114),
(115, b'1', 'EN_UK', '2307502216829346874719555336309057544571865467493158908213406493576264147673678017540530391326018392487484407557350143953611352186270316059523403310099', 'claeys.philippe', 115, 115),
(116, b'1', 'EN_UK', '1099794547550114852364825001895502086444275648400176609630884361924382824595682646738061235660155984692710460853175986803088601332970422127978667662900', 'messens.joris', 116, 116),
(117, b'1', 'EN_UK', '2709501905660773630962457743293275242722559777403845411397196519254325257324793523991334178164338787733997542891010559669746747942726796194341268146569', 'steels.luc', 117, 117),
(118, b'1', 'EN_UK', '2113130591425301510051915852673143386149668764705304158857866659555447061624326093805757943047577546648298144712284387267494929753558911885781189515143', 'beuls.katrien', 118, 118),
(119, b'1', 'EN_UK', '3141323455248095129526871476222123026816161033145928760388977326296448113195758194211907538415244408701753155763199074773832485977826094163116085347278', 'lenaerts.tom', 119, 119),
(120, b'1', 'EN_UK', '3094626425144437644855024821515174078003691010706678016296254248528656404932087212289486163992541043416151366866242540022822922719482329069140138535356', 'corijn.eric', 120, 120),
(121, b'1', 'EN_UK', '1757392479422110542787042204511038804866041820677417906432219416385190867558474905415841463025662109747174934699894846918874982293488330880543620347142', 'sioen.mark', 121, 121),
(122, b'1', 'EN_UK', '298320109038493133054011719091660839490022407290982455057694352283674522702252948224978552554694135661113887680454115154007731858462172715307362706144', 'caenepeel.stefaan', 122, 122),
(123, b'1', 'EN_UK', '1747580010094417819656488939017588123876349666734734665529978956240719661195735402209386434713632331135106058938949301933336450399996115101889098059902', 'vercruysse.joost', 123, 123),
(124, b'1', 'EN_UK', '1799460334899501792555963757776364361753240372459114994336103797380140008991262874534521958740519291944757473808691178795765382553674223856393926507630', 'cara.philippe', 124, 124),
(125, b'1', 'EN_UK', '1885683275140861704779155152453406221153020101513701464512776224878258605454383648458844936991512360227097125986168528441433913725026238053467670813912', 'kadankova.tetyana', 125, 125),
(126, b'1', 'EN_UK', '2378175515332635626740856970277881977957958227169608949684727350698575804334754741430878460365240287290937313545500081317301720320808056491396160110998', 'vansteen.guido', 126, 126),
(127, b'1', 'EN_UK', '832267891480399481796959599213691210462447218819471974241242157309389815445944117137430275741523116835654989280944688768847200495541927555359088815594', 'vancasteren.johannes', 127, 127),
(128, b'1', 'EN_UK', '2939753660817819686237004811704646193162069177605776400081035559074652194963982810364310748916605439783878387978330941560185345693929102963755443233519', 'lowen.robert', 128, 128),
(129, b'1', 'EN_UK', '2622715041194177134686801935436899641681598070355396530735765014179469162935560548427893272131450692622678056872294276747902904866457215388630093711048', 'vandenbergh.michel', 129, 129),
(130, b'1', 'EN_UK', '2932205007955070347808402033372014142998745525417506546880250761340505721522340282304181842538967360260245233966400424238399811655268639515623308558128', 'verschoren.alain', 130, 130),
(131, b'1', 'EN_UK', '1322802388390409120454811180269479415872496792932845363621484302699376280441398188651802279641849076417989577507605676940867043289651612239495942261449', 'colebunders.eva', 131, 131),
(132, b'1', 'EN_UK', '3145959286763259972916970793006004667778456218613311371580575065537758319390093213511706507275875728625746495827813154109214293801941708217588649412103', 'inthout.karel', 132, 132),
(133, b'1', 'EN_UK', '2422989936832466656449409610550353149927713102584560854707218918977020660910535671464908802906918157218218786506490633864686408198635951097399947906928', 'cuyt.annie', 133, 133),
(134, b'1', 'EN_UK', '1437167632832534180142323075025087712994001835702572878555083498522124202208143330083526688539665979282792602286075462126335943224137191946024216006126', 'vanroose.wim', 134, 134),
(135, b'1', 'EN_UK', '1016897800738675901591894737063085209325716551620946725998103726414348225304880051543308860660561549736408676928298529055100838791291631271394530347013', 'eelbode.david', 135, 135),
(136, b'1', 'EN_UK', '1848869831063764422803498896229702827644116805366266860202980615073370620414704319113793317164514487846112881220803736557116337983472469486832596441953', 'vanoystaeyen.freddy', 136, 136),
(137, b'1', 'EN_UK', '1622139447893126066975476703481748837069910270933106644199133194155901833215069746970185814903962831864871644379334315074883042955911515881467218943797', 'laenens.els', 137, 137),
(138, b'1', 'EN_UK', '869249722295489999470104955158736538756803227187932662559040355474424242006317531576137875230435878089949778344553309146202520820564070235288796681160', 'dehauwere.yann-micha?l', 138, 138),
(139, b'1', 'EN_UK', '1605368884522782149699441720409647791528326248030043924338374678546697232235692327294194847541062861346045998337464435580023306941785794044096701244787', 'dhondt.theo', 139, 139),
(140, b'1', 'EN_UK', '1622821236694243785474716208719338070519023390784242826860235815921501183047501185070639400025621064193031586596747520418443356177465405169986725540614', 'dhaeseleer.mylene', 140, 140),
(141, b'1', 'EN_UK', '635208809474171082219304102506784663210544715395592203888837383412653026494794076328526267922885348606945575360000407688943511932720314344001983884216', 'foriers.henk', 141, 141),
(142, b'1', 'EN_UK', '1233633421929025756650407394071776127335686941758679473619991182370156810582603666709585369410769581212767822579262307450232909224390530147346448102102', 'kervyndemeerendre.matthieu', 142, 142),
(143, b'1', 'EN_UK', '644416698222507143062340254062173676461782531996554985582299678669346443937521897225458040575192878650950723648791035793773062194139323267890036131964', 'decoster.anja', 143, 143),
(144, b'1', 'EN_UK', '2311602435490748579868474575981231382490468187893591872486870988881275436237026804206606614124334141266614003766721785072335047781491724640024482756043', 'vranken.wim', 144, 144),
(145, b'1', 'EN_UK', '864136692452154954637149070970072312188116898782249508075841990595103042882156554520276494089664965657427217048785517625012316813080789994729795456853', 'vandesande.hans', 145, 145),
(146, b'1', 'EN_UK', '2367426953136565942910222245095786387070479173928132192806959873879861149554281936288488554417094501990115740473741099292823499812723751566103525377395', 'goos.peter', 146, 146),
(147, b'1', 'EN_UK', '659006027635016470287882939503141569276487644114964936624199309185271647138946963527875415993763995153743153728214004813890565040308438069554970992978', 'danckaert.jan', 147, 147),
(148, b'1', 'EN_UK', '1905968604049291263470446628565168379818782761727515919480647455792617075297985779567805195000445207301221368430301697669603035977388132055346150449199', 'rombauts.patrick', 148, 148),
(149, b'1', 'EN_UK', '1794646676828645849421859340112481372777267462173192527002994103418850912150478892217098268937514961587473518910418322283068448236454169709310504139590', 'raes.jeroen', 149, 149),
(150, b'1', 'EN_UK', '2012024722544494984121470050930521682634334633099156928274736354388751896931352997800104084453613769311566268955568884688961987378167562907422905373935', 'baeyens.willy', 150, 150),
(151, b'1', 'EN_UK', '1374504128869403276463102186563100848086596775147239341439740100526937341082452214863013442723119889745536093405740033346164111402552541387179322276181', 'carette.eddy', 151, 151),
(152, b'1', 'EN_UK', '2357040819429767109331517987786596551838389267974527288486531061677136472245767149789189464271616496217086792050792729853379170611930479326786036696589', 'lambrechts.lieve', 152, 152),
(153, b'1', 'EN_UK', '2096163888611304780764798948415691606501058461384830319930664462512756945660393064508569596665016165635114012895494206019605674670404187377769751335921', 'gelens.lendert', 153, 153),
(154, b'1', 'EN_UK', '616049326256417337425294134459844408780027719706447204648881375013598041860992956979320023803465256387449242326196096818311167114937065820243949436948', 'keuninckx.lars', 154, 154),
(155, b'1', 'EN_UK', '3253837289940757162398131749514011584020087869099396882540765078679175592354182850320171456837356957465416683755473513378091722457243835878806217260694', 'vaneijndhoven.nicolaas', 155, 155),
(156, b'1', 'EN_UK', '1956786438221888849840453641632774026364312068166179025637034697737655350178798033973448834580761748806398958244958974435810309321908395077456390666805', 'geerlings.paul', 156, 156),
(157, b'1', 'EN_UK', '1930052316288383801980685935638185559762807497483568453846948720556845157209296489635280997778266566458989988654393779250892382374204567011142862994618', 'vancompernolle.bram', 157, 157),
(158, b'1', 'EN_UK', '2392716946092149416792099048321601375931834321714370386003125758048289813541711913593550474519649779854383010727542688741347335339384064836225592502975', 'sonck.gert', 158, 158),
(159, b'1', 'EN_UK', '2847930288056610959518272699964331935506869571248341314553569533341554165711759546144935695496827166408123601251604784253717593508484978897822634666189', 'dorissen.tom', 159, 159),
(160, b'1', 'EN_UK', '2158588483938163656702422904023691603600965792345051227420682240184395464266087853884180188066004433312896059119407501548648032548452802443450521580807', 'lenaerts.dennis', 160, 160),
(161, b'1', 'EN_UK', '69792377552704377206102625114060259397886662471325631781112504388863463449126405376387801054829459040696499653672061350007458417233226102627856159319', 'vanpoucke.jordy', 161, 161),
(162, b'1', 'EN_UK', '304556150708563339222103813954843924122421346414531044961400272523612765515118150108725355884229585643009220849072104940594374713045442891177655948261', 'deses.didier', 162, 162),
(163, b'1', 'EN_UK', '1393769232360004987003614019728272823295100303173892360911235130104561296245889896659367647942636956721392957503568259461795638517845566010968717041049', 'veretennicoff.irina', 163, 163),
(164, b'1', 'EN_UK', '1547561363363164400192830521716775500827765929193135261661314111146747987579286455780017005799606074401458975740310051296607459907822614534680190144876', 'defrise.michel', 164, 164),
(165, b'1', 'EN_UK', '277737763921643389494380636258195711461520695419976166473282631106526083286037225746365164645789101048400230342534421469265481387617225624737207073294', 'elskens.marc', 165, 165),
(166, b'1', 'EN_UK', '774189968030139017711332085467051631842749079367372098256612876894965173959770753647902828602091350889046460110916339426334925159470554814951971868205', 'meire.patrick', 166, 166),
(167, b'1', 'EN_UK', '189042067321403476601750230708538002590553551098602119137447882510383079500114978488456573251612837910652377241533071932390694375966462959370960463226', 'bouillon.steven', 167, 167),
(168, b'1', 'EN_UK', '1746509596558326991273476237574335532295262393209865596489176383459122968021532051025241473898010091094543497083454928887199271697737167441837558991874', 'temmerman.stijn', 168, 168),
(169, b'1', 'EN_UK', '1101341482791725457349161640264858897978813630668043439879219156089545250913876680052049423434418065411377330250488711996466628528819670706482823362368', 'cliquet.an', 169, 169),
(170, b'1', 'EN_UK', '2545029690249549137731761720652106452085472507994115585616900198117144085077784669781008989207965586117396295275633022619168551102816686323092970176721', 'ruddick.kevin', 170, 170),
(171, b'1', 'EN_UK', '1852763848264382126856496592695426910492313702648980220981054269845753473471550497617496627229184467189216863479151534249712218734726638858044931896442', 'meysman.filip', 171, 171),
(172, b'1', 'EN_UK', '2419688330617709140293337696099228489311716272876598488310463240725669166287212312364766371047531008574356299079359244206338278591993129076046331279831', 'soetaert.karline', 172, 172),
(173, b'1', 'EN_UK', '974997123926886384632111416105632959446949545439446413083205371095201670610405385863840990103780386676085041583823910511090072165370906896113987629728', 'bervoets.lieven', 173, 173),
(174, b'1', 'EN_UK', '2909737942417738876602173990880997027666136783411882035655741145858911219616511779845985373840076344240614229589804627665594766132085668482932658507684', 'verschuren.dirk', 174, 174),
(175, b'1', 'EN_UK', '2136235023431458674862495788564372905825122327997574398726405235469346381639809865046679123070187867836521508815202387941458458702400846051734006012614', 'debatist.marc', 175, 175),
(176, b'1', 'EN_UK', '395401736074509802639136811773544981214189110970654885021440542170498329343495581392584381741021184950290076759673984517290534424207075276048748346850', 'vyverman.wim', 176, 176),
(177, b'1', 'EN_UK', '1723631452882925616121682263521105484619469818027492748849020549584005311282571197764809546421055549088332835874485468293230017922760651893626003476433', 'vanaverbeke.jan', 177, 177),
(178, b'1', 'EN_UK', '3190836090164563560967530447666145674940683193072315805099233491090833740396657299246327311555633473473801271251989368454709964826186819594718154926323', 'vanreusel.ann', 178, 178),
(179, b'1', 'EN_UK', '933301759830489200562682012333561228642987377599003538469458330139390937395088252233542542924264195089334896250190882528580014162273043134024627447762', 'detroch.marleen', 179, 179),
(180, b'1', 'EN_UK', '1430712837361254700937733581454751071096508730059496757029301323575815930071006769879278384910496028432182640307867753526526075893466946562422231966661', 'huys.geert', 180, 180),
(181, b'1', 'EN_UK', '3152399113688553392202516372651871433013213784312587118738171435103938411075583012091660032334592599214419642049338853487796212949165749634560662349924', 'sabbe.koen', 181, 181),
(182, b'1', 'EN_UK', '894512152242955014927506101402366658156591164297555934501973655137366251026906062871616168500155981164884365787359873582393623147822953890072736857778', 'deprez.tim', 182, 182),
(183, b'1', 'EN_UK', '969006656552090015798393903877357592113252309971555128198597543109995073644253620758386201470613317334871509791495223355081979080879460534158937768377', 'vanrooij.david', 183, 183),
(184, b'1', 'EN_UK', '2308834168371672659946136707630166578319784862961854917242477071922955873443874245628481240872380434015004011674210575825662569069164732120461563168966', 'declerck.olivier', 184, 184),
(185, b'1', 'EN_UK', '2750819897732363432534956371188318253420496974149057499855139155027715380343316341970490059463259532485418829702512959017368968216409666538209263651038', 'vincx.magda', 185, 185),
(186, b'1', 'EN_UK', '1996009875876245705639467867076591319879725421625549305382966776074184251301080629998258915363131353733300690613672767591451150611079770688580626324128', 'dahdouh-guebas.farid', 186, 186),
(187, b'1', 'EN_UK', '1416561159361789956802787851372033274747708069443116937268572147658737535051091143757529966276243706211196762028607137910875985667774700783905336969329', 'ferre.melissa', 187, 187),
(188, b'1', 'EN_UK', '2519023061253403571906052604097722634746151568587449442562406237396942901584561134277855036996565749232781979027590208109548408191376086210249279766882', 'deboeck.gudrun', 188, 188),
(189, b'1', 'EN_UK', '694331267372218012241485318966528476451569463586224044064664075574263497275340238743143128495995393630972269040414235399488745930200224328375682916199', 'derycke.sofie', 189, 189),
(190, b'1', 'EN_UK', '1231149467085977631469609356691446409533804207402353694678827326655535539508963769563194438931235675311074814057689059549014607853827745166285387697885', 'degraer.steven', 190, 190),
(191, b'1', 'EN_UK', '2297778612166091889593157491827480022568617814903533096690828861361465199507619115953017973964665183026110223185362034287649914314890712264872065458712', 'vanlancker.vera', 191, 191),
(192, b'1', 'EN_UK', '3128077081291440698983949410716230570973193408372629712867203685178526360506619666892960015966979308549251530924461977838263914298985535212923485333363', 'blust.ronny', 192, 192),
(193, b'1', 'EN_UK', '2004291851017739750825040648412459524295981844641058231567709875536574237465981086961917897280911279603755952598353821029726526961964805213966263316887', 'bouma.tjeerd', 193, 193),
(194, b'1', 'EN_UK', '578987226494638529436920272278562960969140919522097874352102998246261161174564095356943539059694829656357284786715369397829528382061349146398031967320', 'mubiana.kayawevalentine', 194, 194),
(195, b'1', 'EN_UK', '1704941388301330377766632213046911062705556413004328815710997203357049604397717679765563201823814450897411517841941303681770191810010358356824291110054', 'louwye.stephen', 195, 195),
(196, b'1', 'EN_UK', '2520201922993426071397926455412631625729736298925234211975343215864658673525995297066709974741749848224016832869803264466083143733895925695812355503401', 'verniers.jacques', 196, 196),
(197, b'1', 'EN_UK', '169644037939093021010099502007646401043465633552309601450301583352633974482915438746165135299787712291557045463807445283522366446690042221451327166112', 'finsy.robert', 197, 197),
(198, b'1', 'EN_UK', '31168682462626942840508852883299754099182633979090704590603302007526668825817753032051594387946163262797616423886070575858119012650702617868469365964', 'bultinck.patrick', 198, 198),
(199, b'1', 'EN_UK', '2261459936811312424586166363260812004382121557741206150765748913383553197776048517845088998885011923207008671380527516510303326708460160778231386286753', 'tourwe.dirk', 199, 199),
(200, b'1', 'EN_UK', '2679336869962087699918666315717279377968491976622583851161341128619154582525235595711955666352739343044388081303978327230955165479903221965814381980246', 'devroede.olivier', 200, 200),
(201, b'1', 'EN_UK', '2012318774660912941613894869900396568543719479630299518953969105375829875281524412319502128078154501776362835023650964158727184505643387846652837523592', 'roosen.robert', 201, 201),
(202, b'1', 'EN_UK', '1433569753429948892881019419671652371794256908128215466389932069531194935879750468270247756218416126683084491227676990437617598952047954844556367671063', 'sterken.christiaan', 202, 202),
(203, b'1', 'EN_UK', '2799957354313021875447216504508342788592797869934795763975308068081572334008908844258330408578510251084996889465690852141464152746913257792821885701308', 'segers.danny', 203, 203),
(204, b'1', 'EN_UK', '2077590225444675099640442567160658053940750769932885271108483102674046709700525578492058827191475541778660486932596358464707363886904796831272086285773', 'cantrijn.frans', 204, 204),
(205, b'1', 'EN_UK', '174829551273627064225928200074741909731537909630912993967785657338846995145505758976539424562422963524509903381107164850688014112750664549460963455245', 'vandereycken.johan', 205, 205),
(206, b'1', 'EN_UK', '2887625122588508339475352195288053384451135314937483933159689362464744378034234308907732794743743169256363338133410666514529778997247310658069847339614', 'heip.carlos', 206, 206),
(207, b'1', 'EN_UK', '2763575466391327758572141836615003350423859368187430834985902263087562818125696239443845831883963518481177551772420785623133082614546774844599174709425', 'vandenborre.petra', 207, 207),
(208, b'1', 'EN_UK', '1027321356309953829511784228469468049893756953272583422359069596074428878937824754863027085979488816534116411667041233265723687468199109037723178753547', 'gonzalezboix.elisa', 208, 208),
(209, b'1', 'EN_UK', '475713054276472305877945703462939031032535431623992529776705334144882456064630305086921913387068967525931016538568100983154871261298321345784444226301', 'blekman.freya', 209, 209),
(210, b'1', 'EN_UK', '1280694607027331346120395681132550217324949892631865729582922657931120378778774683073241553529349598188760497732691637769975920457099987200117857807011', 'roelants.kim', 210, 210),
(211, b'1', 'EN_UK', '748233626879433272438441293250697501674424807877119456041964839905692057453551272115486507783190262417356322561147203090860351829945703246338448521478', 'kok.philippe', 211, 211),
(212, b'1', 'EN_UK', '465315693605285223194697068352553946337201875456456644195027654114673247770499885888520142749597140204742647748106245847623184015534675311454869447725', 'pasmans.frank', 212, 212),
(213, b'1', 'EN_UK', '411805352048658433756196782018188320424594311784587333486036652107085522936848078269149283621198591228432758732142823271824672935029560344382132110719', 'vandamme.raoul', 213, 213),
(214, b'1', 'EN_UK', '1079419301325947889010529424259787267979337728607796849661857378989812609009700995577034672207682584974818563522159901316194404837627642803709333323826', 'wilkinson.mark', 214, 214),
(215, b'1', 'EN_UK', '1737434403390847933680305166790794473880722423408908879018758997810738098370430713034150656381027543486545488171711632348686560307901316720278965566182', 'gower.davidjohn', 215, 215),
(216, b'1', 'EN_UK', '87028665644690387489046051228129555368618826493864442166996883519982760472757710259443728349362165125306669801106833878052168899803991601939350296809', 'vences.miguel', 216, 216),
(217, b'1', 'EN_UK', '1182700189038968355169645061463337473882109354215105100710425164592283415215852636600248384824539007693124014916887571517600983761078152968249158446460', 'vanbocxlaer.ines', 217, 217),
(218, b'1', 'EN_UK', '812481559341579692508582444188947424182747632898481218360785698936009449286570950064869910069390938738163700651690038786138622671047277866932405665314', 'arntzen.janwillem', 218, 218),
(219, b'1', 'EN_UK', '1452188197783471849886773742491076449106497438282070560438438756455990049978737136246984263232338764318533902493657388519345263857749449327947559278945', 'gutierrezgonzalez.gustavo', 219, 219),
(220, b'1', 'EN_UK', '2913497581768003963535082101126619043228713750710235910421998198631588249807880179329798688814851564147489458696494312418992850707787575127620613691529', 'frost.darrel', 220, 220),
(221, b'1', 'EN_UK', '1063167896265492024506864305739542424562211568127788047124541480573450778309518008474965766985761332902529473639515752953091866256456173066601690637437', 'deyaert.egon', 221, 221),
(222, b'1', 'EN_UK', '1861724289689824239132386359917908817195964256181533907615031022735434785635440653432430857122031004078246105191597234981057405356705997534147314066857', 'hoste.lode', 222, 222),
(223, b'1', 'EN_UK', '356313764488750822487602220621746149029133863785978418856375680388840708793508110771675007225073681584825146546611661034993987357318811880142627888327', 'lowen.wendy', 223, 223),
(224, b'1', 'EN_UK', '3066849807355399004753119043196758921099577882543072099503334612476889573479955965429059936908554706535088558072986961046953003209339786057058376925201', 'vannuland.nico', 224, 224),
(225, b'1', 'EN_UK', '1647866996491314260471123256017233407977508622617896616591089717994831813593917206221006084322353469508943466482803239198257541317410967454142134655133', 'gentile.gianfranco', 225, 225),
(226, b'1', 'EN_UK', '1191779125527092497884902089253959782274242901860958290775847890910452880202700761151249173016887688872233854018379560466537489052304699300321801144056', 'demaziere.martine', 226, 226),
(227, b'1', 'EN_UK', '1142300286666855016620244305198113091695672968338977561240441658741680850383735882778068949248291908368987690154140907148722377880139422283233840534994', 'amelynck.crist', 227, 227),
(228, b'1', 'EN_UK', '2813337077280016546413919263149649754984231045191320120226949446919629316380388918302116345449676335212587437172239542981853243921130959775561091591664', 'volkov.oleksandr', 228, 228),
(229, b'1', 'EN_UK', '1100161520730629035362992574159830385587333829898244739432856292631540700324914764955376670144756368544815309113220008151323902450919976891325549431199', 'ryckewaert.michael', 229, 229),
(230, b'1', 'EN_UK', '2683131965249726515386589362549275698994318818655585726482767755899749216243393587876601277733644007907175115213578838004741144330737884582631850184960', 'blondeel.paul', 230, 230),
(231, b'1', 'EN_UK', '2262229588733506986529447651091420315930699824276360697570477708911109713971323140112490006552411877205385332237075693351793461075860573408953234698390', 'decorte.stefan', 231, 231),
(232, b'1', 'EN_UK', '927952191336278691834068992455179770865315059950216158566173266857412468438289508877907377468359996310558580388457759785358999598089621396208600905424', 'aerts.jens', 232, 232),
(233, b'1', 'EN_UK', '274509010601757063135606231584600174225432113051577694350203373451911512594791138276001349542547040815925150921520870893367623998640100907215458721372', 'vanempten.elke', 233, 233),
(234, b'1', 'EN_UK', '2015105615590468663667579413985725090980328668002164577872073356381075398870290012807856740785500169850163540812077268173843606253169786992771579712046', 'parys.jan', 234, 234),
(235, b'1', 'EN_UK', '408506968973524869388821994131082066881457364666145541534074434874819925791579388773712579568318537230559166724491743512974550090129562786678653412794', 'vermeulen.sofie', 235, 235),
(236, b'1', 'EN_UK', '1331729213969867592631794657262787637279898092527208619653516469264819340735658477731501808665707794319168029786642761394090848766866366114593621497868', 'casabella.nadia', 236, 236),
(237, b'1', 'EN_UK', '2092173680212277448402284187349141396779384821543375332830908477113362865831881917065797923607575115744073071526914400080566133698403145404796925821077', 'lehouck.luc', 237, 237),
(238, b'1', 'EN_UK', '1812965321258166675354391863005850311104331297510796926418045027717606972973622914255857224632202959368307621079770739498656669317649849519556211367718', 'moens.thomas', 238, 238),
(239, b'1', 'EN_UK', 'e48443929f57ec4cb965d358a825849155b2828873c4ed2929fd711bc9f01347', 'tim38', 239, 239),
(241, b'1', 'EN_UK', 'e48443929f57ec4cb965d358a825849155b2828873c4ed2929fd711bc9f01347', 'student', 241, 241),
(242, b'1', 'EN_UK', 'e48443929f57ec4cb965d358a825849155b2828873c4ed2929fd711bc9f01347', 'professor', 242, 242),
(244, b'1', 'EN_UK', 'e48443929f57ec4cb965d358a825849155b2828873c4ed2929fd711bc9f01347', 'admin', 244, 243);

-- --------------------------------------------------------

--
-- Table structure for table `USER_ROLE`
--

CREATE TABLE IF NOT EXISTS `USER_ROLE` (
  `UserRoleID` int(11) NOT NULL AUTO_INCREMENT,
  `UserRole` varchar(255) DEFAULT NULL,
  PRIMARY KEY (`UserRoleID`)
) ENGINE=InnoDB  DEFAULT CHARSET=latin1 AUTO_INCREMENT=244 ;

--
-- Dumping data for table `USER_ROLE`
--

INSERT INTO `USER_ROLE` (`UserRoleID`, `UserRole`) VALUES
(1, 'ROLE_PROFESSOR'),
(2, 'ROLE_PROFESSOR'),
(3, 'ROLE_ASSISTANT'),
(4, 'ROLE_PROFESSOR'),
(5, 'ROLE_PROFESSOR'),
(6, 'ROLE_PROFESSOR'),
(7, 'ROLE_PROFESSOR'),
(8, 'ROLE_ASSISTANT'),
(9, 'ROLE_PROFESSOR'),
(10, 'ROLE_PROFESSOR'),
(11, 'ROLE_ASSISTANT'),
(12, 'ROLE_ASSISTANT'),
(13, 'ROLE_PROFESSOR'),
(14, 'ROLE_ASSISTANT'),
(15, 'ROLE_PROFESSOR'),
(16, 'ROLE_PROFESSOR'),
(17, 'ROLE_PROFESSOR'),
(18, 'ROLE_ASSISTANT'),
(19, 'ROLE_PROFESSOR'),
(20, 'ROLE_PROFESSOR'),
(21, 'ROLE_ASSISTANT'),
(22, 'ROLE_PROFESSOR'),
(23, 'ROLE_PROFESSOR'),
(24, 'ROLE_PROFESSOR'),
(25, 'ROLE_PROFESSOR'),
(26, 'ROLE_ASSISTANT'),
(27, 'ROLE_ASSISTANT'),
(28, 'ROLE_PROFESSOR'),
(29, 'ROLE_PROFESSOR'),
(30, 'ROLE_PROFESSOR'),
(31, 'ROLE_ASSISTANT'),
(32, 'ROLE_PROFESSOR'),
(33, 'ROLE_PROFESSOR'),
(34, 'ROLE_PROFESSOR'),
(35, 'ROLE_PROFESSOR'),
(36, 'ROLE_ASSISTANT'),
(37, 'ROLE_PROFESSOR'),
(38, 'ROLE_PROFESSOR'),
(39, 'ROLE_ASSISTANT'),
(40, 'ROLE_PROFESSOR'),
(41, 'ROLE_ASSISTANT'),
(42, 'ROLE_ASSISTANT'),
(43, 'ROLE_ASSISTANT'),
(44, 'ROLE_PROFESSOR'),
(45, 'ROLE_PROFESSOR'),
(46, 'ROLE_ASSISTANT'),
(47, 'ROLE_PROFESSOR'),
(48, 'ROLE_PROFESSOR'),
(49, 'ROLE_PROFESSOR'),
(50, 'ROLE_PROFESSOR'),
(51, 'ROLE_PROFESSOR'),
(52, 'ROLE_PROFESSOR'),
(53, 'ROLE_PROFESSOR'),
(54, 'ROLE_ASSISTANT'),
(55, 'ROLE_PROFESSOR'),
(56, 'ROLE_PROFESSOR'),
(57, 'ROLE_PROFESSOR'),
(58, 'ROLE_PROFESSOR'),
(59, 'ROLE_PROFESSOR'),
(60, 'ROLE_ASSISTANT'),
(61, 'ROLE_PROFESSOR'),
(62, 'ROLE_PROFESSOR'),
(63, 'ROLE_PROFESSOR'),
(64, 'ROLE_PROFESSOR'),
(65, 'ROLE_PROFESSOR'),
(66, 'ROLE_PROFESSOR'),
(67, 'ROLE_PROFESSOR'),
(68, 'ROLE_PROFESSOR'),
(69, 'ROLE_ASSISTANT'),
(70, 'ROLE_ASSISTANT'),
(71, 'ROLE_PROFESSOR'),
(72, 'ROLE_ASSISTANT'),
(73, 'ROLE_PROFESSOR'),
(74, 'ROLE_PROFESSOR'),
(75, 'ROLE_PROFESSOR'),
(76, 'ROLE_PROFESSOR'),
(77, 'ROLE_ASSISTANT'),
(78, 'ROLE_ASSISTANT'),
(79, 'ROLE_PROFESSOR'),
(80, 'ROLE_ASSISTANT'),
(81, 'ROLE_ASSISTANT'),
(82, 'ROLE_ASSISTANT'),
(83, 'ROLE_ASSISTANT'),
(84, 'ROLE_PROFESSOR'),
(85, 'ROLE_PROFESSOR'),
(86, 'ROLE_ASSISTANT'),
(87, 'ROLE_PROFESSOR'),
(88, 'ROLE_ASSISTANT'),
(89, 'ROLE_PROFESSOR'),
(90, 'ROLE_PROFESSOR'),
(91, 'ROLE_PROFESSOR'),
(92, 'ROLE_ASSISTANT'),
(93, 'ROLE_PROFESSOR'),
(94, 'ROLE_PROFESSOR'),
(95, 'ROLE_ASSISTANT'),
(96, 'ROLE_PROFESSOR'),
(97, 'ROLE_ASSISTANT'),
(98, 'ROLE_PROFESSOR'),
(99, 'ROLE_PROFESSOR'),
(100, 'ROLE_ASSISTANT'),
(101, 'ROLE_PROFESSOR'),
(102, 'ROLE_ASSISTANT'),
(103, 'ROLE_PROFESSOR'),
(104, 'ROLE_ASSISTANT'),
(105, 'ROLE_ASSISTANT'),
(106, 'ROLE_PROFESSOR'),
(107, 'ROLE_ASSISTANT'),
(108, 'ROLE_ASSISTANT'),
(109, 'ROLE_PROFESSOR'),
(110, 'ROLE_ASSISTANT'),
(111, 'ROLE_ASSISTANT'),
(112, 'ROLE_PROFESSOR'),
(113, 'ROLE_ASSISTANT'),
(114, 'ROLE_ASSISTANT'),
(115, 'ROLE_PROFESSOR'),
(116, 'ROLE_PROFESSOR'),
(117, 'ROLE_PROFESSOR'),
(118, 'ROLE_ASSISTANT'),
(119, 'ROLE_ASSISTANT'),
(120, 'ROLE_PROFESSOR'),
(121, 'ROLE_PROFESSOR'),
(122, 'ROLE_PROFESSOR'),
(123, 'ROLE_ASSISTANT'),
(124, 'ROLE_PROFESSOR'),
(125, 'ROLE_PROFESSOR'),
(126, 'ROLE_PROFESSOR'),
(127, 'ROLE_PROFESSOR'),
(128, 'ROLE_PROFESSOR'),
(129, 'ROLE_PROFESSOR'),
(130, 'ROLE_ASSISTANT'),
(131, 'ROLE_ASSISTANT'),
(132, 'ROLE_PROFESSOR'),
(133, 'ROLE_PROFESSOR'),
(134, 'ROLE_ASSISTANT'),
(135, 'ROLE_PROFESSOR'),
(136, 'ROLE_PROFESSOR'),
(137, 'ROLE_ASSISTANT'),
(138, 'ROLE_PROFESSOR'),
(139, 'ROLE_PROFESSOR'),
(140, 'ROLE_PROFESSOR'),
(141, 'ROLE_ASSISTANT'),
(142, 'ROLE_PROFESSOR'),
(143, 'ROLE_ASSISTANT'),
(144, 'ROLE_ASSISTANT'),
(145, 'ROLE_PROFESSOR'),
(146, 'ROLE_PROFESSOR'),
(147, 'ROLE_PROFESSOR'),
(148, 'ROLE_ASSISTANT'),
(149, 'ROLE_PROFESSOR'),
(150, 'ROLE_PROFESSOR'),
(151, 'ROLE_ASSISTANT'),
(152, 'ROLE_ASSISTANT'),
(153, 'ROLE_ASSISTANT'),
(154, 'ROLE_ASSISTANT'),
(155, 'ROLE_PROFESSOR'),
(156, 'ROLE_PROFESSOR'),
(157, 'ROLE_ASSISTANT'),
(158, 'ROLE_PROFESSOR'),
(159, 'ROLE_ASSISTANT'),
(160, 'ROLE_ASSISTANT'),
(161, 'ROLE_ASSISTANT'),
(162, 'ROLE_ASSISTANT'),
(163, 'ROLE_ASSISTANT'),
(164, 'ROLE_PROFESSOR'),
(165, 'ROLE_PROFESSOR'),
(166, 'ROLE_PROFESSOR'),
(167, 'ROLE_ASSISTANT'),
(168, 'ROLE_ASSISTANT'),
(169, 'ROLE_PROFESSOR'),
(170, 'ROLE_PROFESSOR'),
(171, 'ROLE_PROFESSOR'),
(172, 'ROLE_ASSISTANT'),
(173, 'ROLE_ASSISTANT'),
(174, 'ROLE_ASSISTANT'),
(175, 'ROLE_ASSISTANT'),
(176, 'ROLE_ASSISTANT'),
(177, 'ROLE_ASSISTANT'),
(178, 'ROLE_ASSISTANT'),
(179, 'ROLE_PROFESSOR'),
(180, 'ROLE_PROFESSOR'),
(181, 'ROLE_ASSISTANT'),
(182, 'ROLE_PROFESSOR'),
(183, 'ROLE_ASSISTANT'),
(184, 'ROLE_ASSISTANT'),
(185, 'ROLE_PROFESSOR'),
(186, 'ROLE_PROFESSOR'),
(187, 'ROLE_ASSISTANT'),
(188, 'ROLE_PROFESSOR'),
(189, 'ROLE_PROFESSOR'),
(190, 'ROLE_PROFESSOR'),
(191, 'ROLE_ASSISTANT'),
(192, 'ROLE_PROFESSOR'),
(193, 'ROLE_ASSISTANT'),
(194, 'ROLE_ASSISTANT'),
(195, 'ROLE_PROFESSOR'),
(196, 'ROLE_ASSISTANT'),
(197, 'ROLE_ASSISTANT'),
(198, 'ROLE_PROFESSOR'),
(199, 'ROLE_PROFESSOR'),
(200, 'ROLE_PROFESSOR'),
(201, 'ROLE_PROFESSOR'),
(202, 'ROLE_ASSISTANT'),
(203, 'ROLE_ASSISTANT'),
(204, 'ROLE_PROFESSOR'),
(205, 'ROLE_ASSISTANT'),
(206, 'ROLE_PROFESSOR'),
(207, 'ROLE_ASSISTANT'),
(208, 'ROLE_PROFESSOR'),
(209, 'ROLE_PROFESSOR'),
(210, 'ROLE_PROFESSOR'),
(211, 'ROLE_ASSISTANT'),
(212, 'ROLE_PROFESSOR'),
(213, 'ROLE_PROFESSOR'),
(214, 'ROLE_PROFESSOR'),
(215, 'ROLE_ASSISTANT'),
(216, 'ROLE_PROFESSOR'),
(217, 'ROLE_PROFESSOR'),
(218, 'ROLE_PROFESSOR'),
(219, 'ROLE_PROFESSOR'),
(220, 'ROLE_PROFESSOR'),
(221, 'ROLE_ASSISTANT'),
(222, 'ROLE_ASSISTANT'),
(223, 'ROLE_PROFESSOR'),
(224, 'ROLE_ASSISTANT'),
(225, 'ROLE_PROFESSOR'),
(226, 'ROLE_PROFESSOR'),
(227, 'ROLE_PROFESSOR'),
(228, 'ROLE_ASSISTANT'),
(229, 'ROLE_PROFESSOR'),
(230, 'ROLE_ASSISTANT'),
(231, 'ROLE_ASSISTANT'),
(232, 'ROLE_ASSISTANT'),
(233, 'ROLE_ASSISTANT'),
(234, 'ROLE_ASSISTANT'),
(235, 'ROLE_ASSISTANT'),
(236, 'ROLE_ASSISTANT'),
(237, 'ROLE_ASSISTANT'),
(238, 'ROLE_ASSISTANT'),
(239, 'ROLE_STUDENT'),
(240, 'ROLE_ADMIN'),
(241, 'ROLE_STUDENT'),
(242, 'ROLE_PROFESSOR'),
(243, 'ROLE_ADMIN');

--
-- Constraints for dumped tables
--

--
-- Constraints for table `BUILDING`
--
ALTER TABLE `BUILDING`
  ADD CONSTRAINT `FK_2c5tn0p793x1e84gufxbaro2c` FOREIGN KEY (`InstitutionID`) REFERENCES `INSTITUTION` (`InstitutionID`);

--
-- Constraints for table `COURSE`
--
ALTER TABLE `COURSE`
  ADD CONSTRAINT `FK_ifkwuenhhp6xbraxahg6402li` FOREIGN KEY (`CourseDataID`) REFERENCES `COURSE_DATA` (`CourseDataID`);

--
-- Constraints for table `COURSE_COMPONENT`
--
ALTER TABLE `COURSE_COMPONENT`
  ADD CONSTRAINT `FK_9mtn7s9pn9hem60swyc4fdykt` FOREIGN KEY (`CourseID`) REFERENCES `COURSE` (`CourseID`);

--
-- Constraints for table `COURSE_COMPONENT_USER`
--
ALTER TABLE `COURSE_COMPONENT_USER`
  ADD CONSTRAINT `FK_eyesc57gcdqayfrdixdipoy6v` FOREIGN KEY (`CourseComponentID`) REFERENCES `COURSE_COMPONENT` (`CourseComponentID`),
  ADD CONSTRAINT `FK_nmih00kict7q2kgt4ajnadb88` FOREIGN KEY (`UserID`) REFERENCES `USER` (`UserID`);

--
-- Constraints for table `COURSE_USER`
--
ALTER TABLE `COURSE_USER`
  ADD CONSTRAINT `FK_o7r01faw96322irjw8qh92mya` FOREIGN KEY (`CourseID`) REFERENCES `COURSE` (`CourseID`),
  ADD CONSTRAINT `FK_hqkm7mj3y2ljxx5hi4lgiab9b` FOREIGN KEY (`UserID`) REFERENCES `USER` (`UserID`);

--
-- Constraints for table `ENTRY`
--
ALTER TABLE `ENTRY`
  ADD CONSTRAINT `FK_4alfwa6cmee78xr49n93948ps` FOREIGN KEY (`RoomID`) REFERENCES `ROOM` (`RoomID`),
  ADD CONSTRAINT `FK_ldwfma4xv2itm8v11sgmcxir8` FOREIGN KEY (`CourseComponentID`) REFERENCES `COURSE_COMPONENT` (`CourseComponentID`);

--
-- Constraints for table `FACULTY`
--
ALTER TABLE `FACULTY`
  ADD CONSTRAINT `FK_egauwjelar85h0t5gy2j5mlt4` FOREIGN KEY (`InstitutionID`) REFERENCES `INSTITUTION` (`InstitutionID`);

--
-- Constraints for table `FLOOR`
--
ALTER TABLE `FLOOR`
  ADD CONSTRAINT `FK_s0hmgkngdylpb4syis4fbsrj6` FOREIGN KEY (`BuildingID`) REFERENCES `BUILDING` (`BuildingID`);

--
-- Constraints for table `PROGRAM`
--
ALTER TABLE `PROGRAM`
  ADD CONSTRAINT `FK_e3tgnp4agdlj0h1fo0rrhfh5d` FOREIGN KEY (`FacultyID`) REFERENCES `FACULTY` (`FacultyID`);

--
-- Constraints for table `ROOM`
--
ALTER TABLE `ROOM`
  ADD CONSTRAINT `FK_soxvvoawr8b2mcu0vsatt8mc1` FOREIGN KEY (`FloorID`) REFERENCES `FLOOR` (`FloorID`);

--
-- Constraints for table `TRAJECT`
--
ALTER TABLE `TRAJECT`
  ADD CONSTRAINT `FK_83wi2p3dn3qkt4gltk7h60ggn` FOREIGN KEY (`ProgramID`) REFERENCES `PROGRAM` (`ProgramID`);

--
-- Constraints for table `TRAJECT_COURSE`
--
ALTER TABLE `TRAJECT_COURSE`
  ADD CONSTRAINT `FK_mv71oevgbq552vxxbwvlk27w9` FOREIGN KEY (`TrajectID`) REFERENCES `TRAJECT` (`TrajectID`),
  ADD CONSTRAINT `FK_pbfre7gcohfknliq5ydeak0rv` FOREIGN KEY (`CourseID`) REFERENCES `COURSE` (`CourseID`);

--
-- Constraints for table `USER`
--
ALTER TABLE `USER`
  ADD CONSTRAINT `FK_n0f80f9rpybdlajaluvw5temt` FOREIGN KEY (`UserRoleID`) REFERENCES `USER_ROLE` (`UserRoleID`),
  ADD CONSTRAINT `FK_t6uunb3nji8y6ce2fples8hyg` FOREIGN KEY (`PersonID`) REFERENCES `PERSON` (`PersonID`);

/*!40101 SET CHARACTER_SET_CLIENT=@OLD_CHARACTER_SET_CLIENT */;
/*!40101 SET CHARACTER_SET_RESULTS=@OLD_CHARACTER_SET_RESULTS */;
/*!40101 SET COLLATION_CONNECTION=@OLD_COLLATION_CONNECTION */;
